price,street,area,bedrooms,bathrooms,halfbathrooms,unit,status,buildingType,latitude,longitude
3600,60 West 57th Street,Midtown,0,1,0,18G,ACTIVE,RENTAL,40.763836,-73.977135
3860,222 Washington Road,Dyker Heights,3,2,0,341-3D,ACTIVE,RENTAL,40.60695,-74.03011
3860,222 Washington Road,Dyker Heights,3,2,0,357-2A,ACTIVE,RENTAL,40.60695,-74.03011
3860,222 Washington Road,Dyker Heights,3,2,0,344-2B,ACTIVE,RENTAL,40.60695,-74.03011
2223,1412 Brooklyn Avenue,East Flatbush,1,1,0,1G,ACTIVE,RENTAL,40.6382,-73.9432
3369,3403 Foster Avenue,East Flatbush,1,1,0,2G,ACTIVE,RENTAL,40.6392,-73.944
2770,1413 New York Avenue,East Flatbush,2,1,0,2A,ACTIVE,RENTAL,40.6381,-73.9446
3385,3103 Foster Avenue,Flatbush,3,3,0,5A,ACTIVE,RENTAL,40.6394,-73.9475
3889,2183 3rd Avenue,East Harlem,2,1,0,1203,ACTIVE,RENTAL,40.7999,-73.9384
3850,26-19 2nd Street,Astoria,2,1,0,601,ACTIVE,RENTAL,40.77645,-73.934685
3050,3745 Riverdale Avenue,Spuyten Duyvil,1,1,0,1,ACTIVE,RENTAL,40.8875,-73.9083
5000,3745 Riverdale Avenue,Spuyten Duyvil,2,2,0,2,ACTIVE,RENTAL,40.8875,-73.9083
2400,3745 Riverdale Avenue,Spuyten Duyvil,0,1,0,3,ACTIVE,RENTAL,40.8875,-73.9083
2400,78 Herkimer Street,Bedford-Stuyvesant,0,1,0,205,ACTIVE,RENTAL,40.679474,-73.95079
2550,341 Union Avenue,Williamsburg,0,1,0,2,ACTIVE,RENTAL,40.710506,-73.95136
3830,145 East 26th Street,Kips Bay,1,1,0,5A,ACTIVE,RENTAL,40.7412,-73.9826
4123,420 East 54th Street,Sutton Place,0,1,0,712,ACTIVE,RENTAL,40.7558,-73.9635
5550,98-81 Queens Boulevard,Rego Park,2,2,0,4A,ACTIVE,RENTAL,40.727974,-73.855194
4150,98-81 Queens Boulevard,Rego Park,1,1,0,4L,ACTIVE,RENTAL,40.727974,-73.855194
3600,27-03 42nd Road,Hunters Point,1,1,0,10C,ACTIVE,RENTAL,40.7497,-73.9401
3950,3880 9th Avenue,Inwood,1,1,0,12S,ACTIVE,RENTAL,40.864166,-73.91741
3325,3880 9th Avenue,Inwood,1,1,0,4V,ACTIVE,RENTAL,40.864166,-73.91741
3400,3880 9th Avenue,Inwood,1,1,0,10V,ACTIVE,RENTAL,40.864166,-73.91741
6548,776 Sixth Avenue,NoMad,1,1,0,32I,ACTIVE,RENTAL,40.7448,-73.9909
3315,2413 3rd Avenue,Mott Haven,1,1,0,1806,ACTIVE,RENTAL,40.808754,-73.93145
5036,2413 3rd Avenue,Mott Haven,3,1,0,1607,ACTIVE,RENTAL,40.808754,-73.93145
5220,150 East 44th Street,Turtle Bay,1,1,0,50D,ACTIVE,RENTAL,40.7521,-73.9742
8250,240 Third Avenue,Gowanus,2,2,0,9AZ,ACTIVE,RENTAL,40.678787,-73.985596
15375,55 Fleet Street,Downtown Brooklyn,3,2,1,52B,ACTIVE,RENTAL,40.6907,-73.9823
3250,3880 9th Avenue,Inwood,1,1,0,3V,ACTIVE,RENTAL,40.864166,-73.91741
3786,401 East 34th Street,Murray Hill,0,1,0,S35X,ACTIVE,RENTAL,40.7438,-73.9725
4500,1020 Rogers Avenue,Flatbush,3,2,0,7K,ACTIVE,RENTAL,40.64547,-73.95211
1750,2058 Cropsey Avenue,Bath Beach,0,1,0,4C,ACTIVE,RENTAL,40.5988,-74.0019
5125,567 Fulton Street,Downtown Brooklyn,1,1,0,10M,ACTIVE,RENTAL,40.689545,-73.98176
2950,26-19 2nd Street,Astoria,1,1,0,503,ACTIVE,RENTAL,40.77645,-73.934685
3510,2413 3rd Avenue,Mott Haven,1,1,0,2504,ACTIVE,RENTAL,40.808754,-73.93145
5695,10 Downing Street,West Village,0,1,0,003P,ACTIVE,RENTAL,40.7292,-74.0028
7995,650 1st Avenue,Murray Hill,2,1,0,10H,ACTIVE,RENTAL,40.74572,-73.971634
5695,650 1st Avenue,Murray Hill,0,1,0,10B,ACTIVE,RENTAL,40.74572,-73.971634
3230,788 Willoughby Avenue,Stuyvesant Heights,0,1,0,537,ACTIVE,RENTAL,40.694996,-73.93616
4025,60 Wharf Dr,Greenpoint,0,1,0,722,ACTIVE,RENTAL,40.726715,-73.96056
9195,650 1st Avenue,Murray Hill,2,2,0,10F,ACTIVE,RENTAL,40.74572,-73.971634
4575,1133 Manhattan Avenue,Greenpoint,1,1,0,N631,ACTIVE,RENTAL,40.73687,-73.95604
8495,650 1st Avenue,Murray Hill,2,2,0,10G,ACTIVE,RENTAL,40.74572,-73.971634
4943,730 Columbus Avenue,Upper West Side,1,1,0,15J,ACTIVE,RENTAL,40.7926,-73.9682
3125,3880 9th Avenue,Inwood,0,1,0,6H,ACTIVE,RENTAL,40.864166,-73.91741
3125,26-19 2nd Street,Astoria,1,1,0,401,ACTIVE,RENTAL,40.77645,-73.934685
5500,26-38 Jackson Avenue,Hunters Point,1,1,0,07B,ACTIVE,RENTAL,40.747368,-73.940895
4892,776 Sixth Avenue,NoMad,0,1,0,11A,ACTIVE,RENTAL,40.7448,-73.9909
3800,27-03 42nd Road,Hunters Point,1,1,0,24A,ACTIVE,RENTAL,40.7497,-73.9401
6093,776 Sixth Avenue,NoMad,1,1,0,26E,ACTIVE,RENTAL,40.7448,-73.9909
4130,141 East 33rd Street,Kips Bay,0,1,0,010J,ACTIVE,RENTAL,40.7458,-73.9798
3100,1020 Rogers Avenue,Flatbush,1,1,0,7D,ACTIVE,RENTAL,40.64547,-73.95211
3000,854 West 180th Street,Hudson Heights,2,1,0,UNIT6H,ACTIVE,RENTAL,40.850113,-73.9404
3250,3880 9th Avenue,Inwood,1,1,0,11V,ACTIVE,RENTAL,40.864166,-73.91741
3000,854 West 180th Street,Hudson Heights,2,1,0,3D,ACTIVE,RENTAL,40.850113,-73.9404
7950,55 Fleet Street,Downtown Brooklyn,2,2,0,27G,ACTIVE,RENTAL,40.6907,-73.9823
17130,675 West 59th Street,Lincoln Square,2,2,1,2305,ACTIVE,RENTAL,40.77295,-73.99269
9331,160 West 24th Street,Chelsea,2,2,0,3N,ACTIVE,RENTAL,40.7444,-73.9949
2284,3480 Seymour Avenue,Williamsbridge,2,1,0,3C,ACTIVE,RENTAL,40.8775,-73.8493
2031,3480 Seymour Avenue,Williamsbridge,0,1,0,1A,ACTIVE,RENTAL,40.8775,-73.8493
2284,3480 Seymour Avenue,Williamsbridge,2,1,0,2B,ACTIVE,RENTAL,40.8775,-73.8493
2169,3480 Seymour Avenue,Williamsbridge,1,1,0,3A,ACTIVE,RENTAL,40.8775,-73.8493
3250,3880 9th Avenue,Inwood,1,1,0,13S,ACTIVE,RENTAL,40.864166,-73.91741
3250,3880 9th Avenue,Inwood,1,1,0,6V,ACTIVE,RENTAL,40.864166,-73.91741
3425,3880 9th Avenue,Inwood,1,1,0,4N,ACTIVE,RENTAL,40.864166,-73.91741
3650,27-03 42nd Road,Hunters Point,1,1,0,14C,ACTIVE,RENTAL,40.7497,-73.9401
4647,21 West Street,Financial District,1,1,0,18B,ACTIVE,RENTAL,40.7064,-74.0155
6859,19 Dutch Street,Fulton/Seaport,1,1,0,50H,ACTIVE,RENTAL,40.709816,-74.00738
5200,433 West 53rd Street,Hell's Kitchen,2,1,0,21,ACTIVE,RENTAL,40.766376,-73.989006
6995,50 West 97th Street,Upper West Side,3,2,0,05H,ACTIVE,RENTAL,40.7928,-73.9659
3600,10 Halletts Point,Astoria,1,1,0,PH9,ACTIVE,RENTAL,40.7765,-73.9352
7496,20 Halletts Point,Astoria,2,2,0,2-2211,ACTIVE,RENTAL,40.776154,-73.93589
3595,210 West 70th Street,Lincoln Square,0,1,0,0214,ACTIVE,RENTAL,40.7774,-73.9835
2169,3480 Seymour Avenue,Williamsbridge,1,1,0,6A,ACTIVE,RENTAL,40.8775,-73.8493
3180,12 West 44th Street,Midtown,0,1,0,612,ACTIVE,RENTAL,40.75502,-73.98111
4900,415 West 120th Street,Morningside Heights,0,1,0,04D,ACTIVE,RENTAL,40.80918,-73.95813
4487,45 Hoyt Street,Downtown Brooklyn,1,1,0,10C,ACTIVE,RENTAL,40.6892,-73.9856
5786,400 West 113th Street,Morningside Heights,1,1,0,106,ACTIVE,RENTAL,40.804,-73.9604
16200,675 West 59th Street,Lincoln Square,2,2,0,2108,ACTIVE,RENTAL,40.77295,-73.99269
4650,150 East 39th Street,Murray Hill,2,1,0,1401,ACTIVE,RENTAL,40.7489,-73.9766
3125,3880 9th Avenue,Inwood,0,1,0,3I,ACTIVE,RENTAL,40.864166,-73.91741
3250,3880 9th Avenue,Inwood,1,1,0,12U,ACTIVE,RENTAL,40.864166,-73.91741
5070,180 Riverside Boulevard,Lincoln Square,1,1,0,32C,ACTIVE,RENTAL,40.7784,-73.9879
6761,600 West 58th Street,Hell's Kitchen,2,2,0,8B,ACTIVE,RENTAL,40.771,-73.9916
7500,45 West 81st Street,Upper West Side,2,2,0,2,ACTIVE,RENTAL,40.783146,-73.973694
5250,445 Gerard Avenue,Mott Haven,2,2,0,1105,ACTIVE,RENTAL,40.817543,-73.93009
3950,27-03 42nd Road,Hunters Point,1,1,0,20D,ACTIVE,RENTAL,40.7497,-73.9401
9995,650 1st Avenue,Murray Hill,2,2,0,PHF,ACTIVE,RENTAL,40.74572,-73.971634
9995,650 1st Avenue,Murray Hill,2,2,0,PHG,ACTIVE,RENTAL,40.74572,-73.971634
3600,3103 Sedgwick Avenue,Kingsbridge Heights,2,1,0,3A,ACTIVE,RENTAL,40.876907,-73.89966
4002,42-20 24th Street,Hunters Point,0,1,0,004G,ACTIVE,RENTAL,40.7507,-73.9421
5445,26-38 Jackson Avenue,Hunters Point,1,1,0,26B,ACTIVE,RENTAL,40.747368,-73.940895
3999,2067 Adam Clayton Powell Boulevard,South Harlem,3,1,0,5B,ACTIVE,RENTAL,40.807762,-73.94869
5500,45 West 81st Street,Upper West Side,1,1,0,2K,ACTIVE,RENTAL,40.783146,-73.973694
2600,533 West 144th Street,Hamilton Heights,1,1,0,5,ACTIVE,RENTAL,40.82527,-73.949196
6950,560 2nd Street,Park Slope,2,2,0,1,ACTIVE,RENTAL,40.670086,-73.97643
4627,21 West Street,Financial District,1,1,0,16B,ACTIVE,RENTAL,40.7064,-74.0155
4160,1975 Madison Avenue,Central Harlem,1,1,0,603,ACTIVE,RENTAL,40.80643,-73.93965
6870,8 Court Square,Hunters Point,2,2,0,20B,ACTIVE,RENTAL,40.746864,-73.942474
4284,888 Main Street,Roosevelt Island,1,1,0,612,ACTIVE,RENTAL,40.768707,-73.94458
4694,888 Main Street,Roosevelt Island,1,1,0,123,ACTIVE,RENTAL,40.768707,-73.94458
3507,166-20 90th Avenue,Jamaica,1,1,0,1011,ACTIVE,RENTAL,40.707336,-73.794174
6952,795 Columbus Avenue,Upper West Side,1,1,0,PHD,ACTIVE,RENTAL,40.7943,-73.966
5600,325 Lafayette Avenue,Clinton Hill,2,2,0,8E,ACTIVE,RENTAL,40.6888,-73.9627
5967,281 Avenue C,Stuyvesant Town/PCV,2,1,0,11-D,ACTIVE,RENTAL,40.7317,-73.9779
3425,620 West 153rd Street,Hamilton Heights,1,1,0,4D,ACTIVE,RENTAL,40.831673,-73.94822
3494,60-14 Beach Channel Drive,Arverne,3,2,0,325,ACTIVE,RENTAL,40.59386,-73.790375
2481,60-14 Beach Channel Drive,Arverne,0,1,0,404,ACTIVE,RENTAL,40.59386,-73.790375
7725,235 West 48th Street,Midtown,2,2,0,039F,ACTIVE,RENTAL,40.7609,-73.9861
5695,111 Worth Street,Tribeca,1,1,0,17D,ACTIVE,RENTAL,40.716057,-74.003494
3509,56 West 127th Street,Central Harlem,2,1,0,5B,ACTIVE,RENTAL,40.808384,-73.9435
2500,4568 Man Colleg Parkway,Kingsbridge,2,1,0,5A,ACTIVE,RENTAL,40.88906,-73.90014
18000,237 Madison Avenue,Murray Hill,2,3,0,PH,ACTIVE,RENTAL,40.7498,-73.981125
3150,445 Gerard Avenue,Mott Haven,1,1,0,W1014,ACTIVE,RENTAL,40.817543,-73.93009
6000,10 Halletts Point,Astoria,2,2,0,PH1,ACTIVE,RENTAL,40.7765,-73.9352
3850,1134 Fulton Street,Bedford-Stuyvesant,2,1,0,6O,ACTIVE,RENTAL,40.68071,-73.95519
7300,150 Lawrence Street,Downtown Brooklyn,2,2,0,514,ACTIVE,RENTAL,40.691624,-73.98658
5421,189 West 89th Street,Upper West Side,1,1,0,12K,ACTIVE,RENTAL,40.7896,-73.9732
8995,567 Fulton Street,Downtown Brooklyn,2,1,0,3P,ACTIVE,RENTAL,40.689545,-73.98176
6056,100 West 31st Street,Midtown South,1,1,0,14I,ACTIVE,RENTAL,40.7479,-73.9896
7500,150 Lawrence Street,Downtown Brooklyn,2,2,0,203,ACTIVE,RENTAL,40.691624,-73.98658
4495,181 East 119th Street,East Harlem,2,2,0,8D,ACTIVE,RENTAL,40.8001,-73.9388
3436,27-03 42nd Road,Hunters Point,0,1,0,18F,ACTIVE,RENTAL,40.7497,-73.9401
3555,27-03 42nd Road,Hunters Point,0,1,0,23F,ACTIVE,RENTAL,40.7497,-73.9401
3995,414 Gerard Avenue,Mott Haven,2,2,0,E505,ACTIVE,RENTAL,40.817127,-73.9296
8150,240 Third Avenue,Gowanus,2,2,0,9AS,ACTIVE,RENTAL,40.678787,-73.985596
7000,240 Third Avenue,Gowanus,2,2,0,8AX,ACTIVE,RENTAL,40.678787,-73.985596
4826,303 East 83rd Street,Yorkville,1,1,0,04C,ACTIVE,RENTAL,40.776,-73.9527
2950,417 West 120th Street,Morningside Heights,0,1,0,3W,ACTIVE,RENTAL,40.809288,-73.95838
9099,343 Gold Street,Downtown Brooklyn,3,2,0,4114,ACTIVE,RENTAL,40.6941,-73.9829
4225,37 Wall Street,Financial District,0,1,0,3T,ACTIVE,RENTAL,40.7063,-74.0102
10674,675 West 59th Street,Lincoln Square,2,2,1,304,ACTIVE,RENTAL,40.77295,-73.99269
15900,675 West 59th Street,Lincoln Square,3,2,0,810,ACTIVE,RENTAL,40.77295,-73.99269
3690,4650 Broadway,Fort George,1,1,0,1906,ACTIVE,RENTAL,40.862766,-73.92939
11650,626 1st Avenue,Murray Hill,3,2,0,E31G,ACTIVE,RENTAL,40.7444,-73.972
3270,401 East 58th Street,Sutton Place,0,1,0,A12,ACTIVE,RENTAL,40.759064,-73.96203
2402,501 West 184th Street,Fort George,1,1,0,5A,ACTIVE,RENTAL,40.850185,-73.92979
2636,475 West 186th Street,Fort George,1,1,0,1F,ACTIVE,RENTAL,40.851032,-73.92767
8640,400 West 61st Street,Lincoln Square,1,1,0,803,ACTIVE,RENTAL,40.773293,-73.991585
3395,2413 3rd Avenue,Mott Haven,1,1,0,2602,ACTIVE,RENTAL,40.808754,-73.93145
7000,45 West 81st Street,Upper West Side,2,2,0,14R,ACTIVE,RENTAL,40.783146,-73.973694
4400,165 Howard Avenue,Stuyvesant Heights,4,2,0,2R,ACTIVE,RENTAL,40.68278,-73.9198
2835,203 East 121st Street,East Harlem,1,1,0,406,ACTIVE,RENTAL,40.801193,-73.93729
4750,200 West 94th Street,Upper West Side,3,1,1,4E,ACTIVE,RENTAL,40.79278,-73.9717
6048,55 Fleet Street,Downtown Brooklyn,1,1,0,42J,ACTIVE,RENTAL,40.6907,-73.9823
7402,420 East 54th Street,Sutton Place,2,2,0,1415,ACTIVE,RENTAL,40.7558,-73.9635
2799,41 West 86th Street,Upper West Side,0,1,0,08B,ACTIVE,RENTAL,40.7863,-73.971
4079,567 West 125th Street,Manhattanville,3,1,1,3C,ACTIVE,RENTAL,40.81554,-73.95774
2900,620 West 171st Street,Washington Heights,1,1,0,3K,ACTIVE,RENTAL,40.84316,-73.93962
7550,650 1st Avenue,Murray Hill,1,1,0,5M,ACTIVE,RENTAL,40.74572,-73.971634
7225,606 West 30th Street,West Chelsea,1,1,0,43H,ACTIVE,RENTAL,40.753403,-74.00476
4261,8 Court Square,Hunters Point,0,1,0,PH1G,ACTIVE,RENTAL,40.746864,-73.942474
5302,30-02 39th Avenue,Long Island City,2,1,0,B515,ACTIVE,RENTAL,40.7525,-73.9337
4550,20 Halletts Point,Astoria,2,1,0,2-2402,ACTIVE,RENTAL,40.776154,-73.93589
4400,30 Halletts Point,Astoria,2,1,0,3-0221,ACTIVE,RENTAL,40.77657,-73.936356
6903,8 Court Square,Hunters Point,2,2,0,10B,ACTIVE,RENTAL,40.746864,-73.942474
7746,30 Waterside Plaza,Kips Bay,3,2,0,10-28J,ACTIVE,RENTAL,40.7379,-73.973
3762,10 Hanover Square,Financial District,0,1,0,11T,ACTIVE,RENTAL,40.7046,-74.0088
4450,55 Fleet Street,Downtown Brooklyn,0,1,0,18B,ACTIVE,RENTAL,40.6907,-73.9823
5100,55 Fleet Street,Downtown Brooklyn,1,1,0,39I,ACTIVE,RENTAL,40.6907,-73.9823
5430,150 East 44th Street,Turtle Bay,1,1,0,51D,ACTIVE,RENTAL,40.7521,-73.9742
3795,340 East 58th Street,Sutton Place,1,1,0,5B,ACTIVE,RENTAL,40.759087,-73.963264
4975,420 East 80th Street,Yorkville,1,1,0,9D,ACTIVE,RENTAL,40.77228,-73.951035
4295,23 West 94th Street,Upper West Side,1,1,0,C,ACTIVE,RENTAL,40.790905,-73.96634
2860,166-20 90th Avenue,Jamaica,1,1,0,1329,ACTIVE,RENTAL,40.707336,-73.794174
2930,166-20 90th Avenue,Jamaica,1,1,0,1924,ACTIVE,RENTAL,40.707336,-73.794174
2940,166-20 90th Avenue,Jamaica,1,1,0,1104,ACTIVE,RENTAL,40.707336,-73.794174
6569,260 West 52nd Street,Midtown,2,2,0,20A,ACTIVE,RENTAL,40.7632,-73.9849
3250,98-81 Queens Boulevard,Rego Park,1,1,0,8H,ACTIVE,RENTAL,40.727974,-73.855194
5090,221 West 29th Street,Chelsea,1,1,0,18B,ACTIVE,RENTAL,40.74841,-73.993645
3195,98-81 Queens Boulevard,Rego Park,1,1,0,13A,ACTIVE,RENTAL,40.727974,-73.855194
3295,98-81 Queens Boulevard,Rego Park,1,1,0,14E,ACTIVE,RENTAL,40.727974,-73.855194
4383,30-02 39th Avenue,Long Island City,1,1,0,A807,ACTIVE,RENTAL,40.7525,-73.9337
5600,98-81 Queens Boulevard,Rego Park,2,2,0,4G,ACTIVE,RENTAL,40.727974,-73.855194
5865,975 Nostrand Avenue,Crown Heights,2,2,0,205,ACTIVE,RENTAL,40.664635,-73.950386
5755,975 Nostrand Avenue,Crown Heights,2,2,0,216,ACTIVE,RENTAL,40.664635,-73.950386
3675,975 Nostrand Avenue,Crown Heights,1,1,0,243,ACTIVE,RENTAL,40.664635,-73.950386
5195,12 Halsey Street,Bedford-Stuyvesant,2,1,0,506,ACTIVE,RENTAL,40.681404,-73.95299
6195,780 Greenwich Street,West Village,0,1,0,6R,ACTIVE,RENTAL,40.7367,-74.0068
4450,354 East 91st Street,Yorkville,1,1,0,1702,ACTIVE,RENTAL,40.7805,-73.9482
3300,2339 Nostrand Avenue,Midwood,1,1,0,6J,ACTIVE,RENTAL,40.627617,-73.9467
3300,2339 Nostrand Avenue,Midwood,1,1,0,5J,ACTIVE,RENTAL,40.627617,-73.9467
3300,2339 Nostrand Avenue,Midwood,1,1,0,5F,ACTIVE,RENTAL,40.627617,-73.9467
2700,400 West 128th Street,West Harlem,1,1,0,9A,ACTIVE,RENTAL,40.812874,-73.9522
3973,260 West 52nd Street,Midtown,0,1,0,10A,ACTIVE,RENTAL,40.7632,-73.9849
8667,400 West 113th Street,Morningside Heights,2,2,0,929,ACTIVE,RENTAL,40.804,-73.9604
6700,27-01 Jackson Avenue,Hunters Point,2,1,0,28F,ACTIVE,RENTAL,40.747875,-73.94111
5550,8 West 108th Street,Manhattan Valley,4,1,0,28,ACTIVE,RENTAL,40.799458,-73.95993
8128,70 Pine Street,Financial District,2,2,0,2211,ACTIVE,RENTAL,40.7065,-74.0077
5808,170 Amsterdam Avenue,Lincoln Square,1,1,0,15C,ACTIVE,RENTAL,40.7762,-73.9827
4774,30 Halletts Point,Astoria,2,1,0,3-1110,ACTIVE,RENTAL,40.77657,-73.936356
4103,420 East 54th Street,Sutton Place,0,1,0,502,ACTIVE,RENTAL,40.7558,-73.9635
6000,235 West 48th Street,Midtown,1,1,0,019P,ACTIVE,RENTAL,40.7609,-73.9861
3150,3880 9th Avenue,Inwood,0,1,0,8K,ACTIVE,RENTAL,40.864166,-73.91741
2800,152-11 89th Avenue,Jamaica,1,1,0,519,ACTIVE,RENTAL,40.705593,-73.80451
3070,414 Gerard Avenue,Mott Haven,1,1,0,E418,ACTIVE,RENTAL,40.817127,-73.9296
4200,26-38 21st Street,Astoria,2,1,0,4J,ACTIVE,RENTAL,40.7722,-73.9259
4895,1440 Amsterdam Avenue,Manhattanville,2,1,0,1814,ACTIVE,RENTAL,40.8167,-73.95431
4675,1440 Amsterdam Avenue,Manhattanville,2,1,0,1815,ACTIVE,RENTAL,40.8167,-73.95431
6595,1440 Amsterdam Avenue,Manhattanville,3,2,0,1808,ACTIVE,RENTAL,40.8167,-73.95431
8785,400 West 63rd Street,Lincoln Square,2,2,0,1410,ACTIVE,RENTAL,40.7746,-73.9899
5295,221 West 29th Street,Chelsea,1,1,0,17B,ACTIVE,RENTAL,40.74841,-73.993645
3500,605 West 112th Street,Morningside Heights,1,1,0,4G,ACTIVE,RENTAL,40.805927,-73.96632
8342,159 West Ninth Street,Carroll Gardens,3,2,0,A,ACTIVE,RENTAL,40.67558,-73.99993
6692,159 West Ninth Street,Carroll Gardens,3,2,0,C,ACTIVE,RENTAL,40.67558,-73.99993
4465,550 10th Avenue,Hudson Yards,0,1,0,2706,ACTIVE,RENTAL,40.758785,-73.99612
3382,620 West 153rd Street,Hamilton Heights,2,1,0,4G,ACTIVE,RENTAL,40.831673,-73.94822
3500,856 Eighth Avenue,Midtown,1,1,0,4B,ACTIVE,RENTAL,40.763,-73.9852
7395,50 West 97th Street,Upper West Side,3,2,0,12R,ACTIVE,RENTAL,40.7928,-73.9659
3200,325 Lafayette Avenue,Clinton Hill,0,1,0,4N,ACTIVE,RENTAL,40.6888,-73.9627
18000,13 East 69th Street,Lenox Hill,4,4,1,PH,ACTIVE,RENTAL,40.770195,-73.96709
4605,416 Kent Avenue,Williamsburg,0,1,0,2207N,ACTIVE,RENTAL,40.7103,-73.9689
3250,955 Sterling Place,Crown Heights,0,1,0,102,ACTIVE,RENTAL,40.672752,-73.9468
7210,101 West 15th Street,Chelsea,1,1,0,229,ACTIVE,RENTAL,40.7385,-73.9965
3750,2006 Avenue V,Homecrest,2,2,0,7J,ACTIVE,RENTAL,40.597084,-73.950874
3300,2339 Nostrand Avenue,Midwood,1,1,0,2F,ACTIVE,RENTAL,40.627617,-73.9467
3700,330 E. 46th Street,Turtle Bay,0,1,0,4K,ACTIVE,RENTAL,40.7516,-73.9691
3750,310 Grand Concourse,Mott Haven,1,1,0,7L,ACTIVE,RENTAL,40.814434,-73.92864
4500,310 Grand Concourse,Mott Haven,2,1,0,8F,ACTIVE,RENTAL,40.814434,-73.92864
4945,240 East 27th Street,Kips Bay,1,1,0,23A,ACTIVE,RENTAL,40.7402,-73.9796
6881,401 East 34th Street,Murray Hill,1,1,0,N32D,ACTIVE,RENTAL,40.7438,-73.9725
3499,54 Crown Street,Crown Heights,1,1,0,212,ACTIVE,RENTAL,40.666847,-73.959946
5910,201 25th Street,Greenwood,2,2,0,5J,ACTIVE,RENTAL,40.66056,-73.99741
4400,315 West 102nd Street,Upper West Side,1,1,0,7D,ACTIVE,RENTAL,40.799625,-73.97117
3150,21-07 Astoria Boulevard,Astoria,0,1,0,5E,ACTIVE,RENTAL,40.772293,-73.925385
3150,21-07 Astoria Boulevard,Astoria,0,1,0,6F,ACTIVE,RENTAL,40.772293,-73.925385
3973,795 Columbus Avenue,Upper West Side,0,1,0,09L,ACTIVE,RENTAL,40.7943,-73.966
4000,169 Bowery,Lower East Side,0,1,0,6A,ACTIVE,RENTAL,40.71986,-73.99378
12600,7 East 75th Street,Lenox Hill,3,2,0,PH,ACTIVE,RENTAL,40.7743,-73.9647
4800,152-11 89th Avenue,Jamaica,3,2,0,417,ACTIVE,RENTAL,40.705593,-73.80451
3675,2413 3rd Avenue,Mott Haven,1,1,0,2402,ACTIVE,RENTAL,40.808754,-73.93145
2831,166-20 90th Avenue,Jamaica,1,1,0,337,ACTIVE,RENTAL,40.707336,-73.794174
5050,240 Central Park South,Central Park South,0,1,0,04O,ACTIVE,RENTAL,40.76731,-73.98118
2885,451 East 116th Street,East Harlem,2,1,0,14,ACTIVE,RENTAL,40.795433,-73.93338
4829,1 Bell Slip,Greenpoint,1,1,0,0-01D,ACTIVE,RENTAL,40.73714,-73.95848
4200,417 West 120th Street,Morningside Heights,3,1,0,1C,ACTIVE,RENTAL,40.809288,-73.95838
4050,72-01 Queens Boulevard,Woodside,2,2,0,301,ACTIVE,RENTAL,40.739925,-73.89133
4957,775 Columbus Avenue,Upper West Side,1,1,0,09B,ACTIVE,RENTAL,40.7938,-73.9665
3795,445 Gerard Avenue,Mott Haven,2,2,0,W635,ACTIVE,RENTAL,40.817543,-73.93009
2273,70 Post Avenue,Inwood,2,1,0,5H,ACTIVE,RENTAL,40.863995,-73.92249
4040,445 Gerard Avenue,Mott Haven,2,2,0,W622,ACTIVE,RENTAL,40.817543,-73.93009
5330,95 Wall Street,Financial District,1,1,0,1406,ACTIVE,RENTAL,40.7046,-74.0075
4794,8 Spruce Street,Fulton/Seaport,0,1,0,37K,ACTIVE,RENTAL,40.7106,-74.0053
2900,106 Fulton Street,Fulton/Seaport,0,1,0,4E,ACTIVE,RENTAL,40.7096,-74.00705
6900,300 East 50th Street,Turtle Bay,1,1,0,7H,ACTIVE,RENTAL,40.75455,-73.96833
2200,454 Fort Washington Avenue,Hudson Heights,1,1,0,46A,ACTIVE,RENTAL,40.850494,-73.93806
18000,88 Leonard Street,Tribeca,3,3,0,PHA-2,ACTIVE,RENTAL,40.7169,-74.0047
3395,69 East 125th Street,Central Harlem,1,1,0,11D,ACTIVE,RENTAL,40.80568,-73.93959
5200,40 Park Avenue,Murray Hill,1,1,0,14E,ACTIVE,RENTAL,40.7487,-73.9807
7626,55 Fleet Street,Downtown Brooklyn,2,1,0,30I,ACTIVE,RENTAL,40.6907,-73.9823
4000,90 Downing Street,Clinton Hill,2,1,0,40,ACTIVE,RENTAL,40.68307,-73.960976
2800,445 Gerard Avenue,Mott Haven,0,1,0,W710,ACTIVE,RENTAL,40.817543,-73.93009
6200,567 Fulton Street,Downtown Brooklyn,1,1,0,4M,ACTIVE,RENTAL,40.689545,-73.98176
4872,70 Pine Street,Financial District,0,1,0,1026,ACTIVE,RENTAL,40.7065,-74.0077
4544,460 2nd Avenue,Kips Bay,1,1,0,8D,ACTIVE,RENTAL,40.7407,-73.9783
4450,12 Eckford Street,Greenpoint,1,1,0,2B,ACTIVE,RENTAL,40.720444,-73.947495
4925,260 West 52nd Street,Midtown,1,1,0,21D,ACTIVE,RENTAL,40.7632,-73.9849
5379,15 Cliff Street,Fulton/Seaport,1,1,0,0-17B,ACTIVE,RENTAL,40.7083,-74.0055
3250,321 Wadsworth Avenue,Fort George,4,1,0,5D,ACTIVE,RENTAL,40.854855,-73.93094
8270,572 11th Avenue,Hell's Kitchen,1,1,0,8T,ACTIVE,RENTAL,40.7616,-73.9974
4234,401 East 34th Street,Murray Hill,1,1,0,N11N,ACTIVE,RENTAL,40.7438,-73.9725
5190,215 East 124th Street,East Harlem,3,2,0,7B,ACTIVE,RENTAL,40.80304,-73.93537
8300,12 Halsey Street,Bedford-Stuyvesant,2,3,0,G29,ACTIVE,RENTAL,40.681404,-73.95299
1873,58-35 Granger Street,Corona,1,1,0,5L,ACTIVE,RENTAL,40.738422,-73.85393
4628,75 Dupont Street,Greenpoint,1,1,0,306,ACTIVE,RENTAL,40.736088,-73.95688
5330,200 West 67th Street,Lincoln Square,0,1,0,31D,ACTIVE,RENTAL,40.7754,-73.9846
3500,568 Union Avenue,Williamsburg,0,1,0,2Q,ACTIVE,RENTAL,40.7178,-73.9519
5175,620 West 153rd Street,Hamilton Heights,1,1,0,PENTHHOUSE 28C,ACTIVE,RENTAL,40.831673,-73.94822
3675,445 Gerard Avenue,Mott Haven,2,2,0,W608,ACTIVE,RENTAL,40.817543,-73.93009
4500,620 West 153rd Street,Hamilton Heights,2,2,0,9J,ACTIVE,RENTAL,40.831673,-73.94822
5668,480 2nd Avenue,Kips Bay,2,1,0,06E,ACTIVE,RENTAL,40.7407,-73.9783
3675,414 Gerard Avenue,Mott Haven,2,2,0,401,ACTIVE,RENTAL,40.817127,-73.9296
2750,4405 Fifth Avenue,Sunset Park,2,1,0,4R,ACTIVE,RENTAL,40.648144,-74.00676
2950,143 West 119th Street,South Harlem,1,1,0,2B,ACTIVE,RENTAL,40.804905,-73.949936
3900,3660 Waldo Avenue,Riverdale,4,2,0,J1,ACTIVE,RENTAL,40.886734,-73.90389
3033,571 Ocean Parkway,Kensington,1,1,0,8A,ACTIVE,RENTAL,40.63446,-73.97178
4550,380 4th Avenue,Gowanus,1,1,0,11A,ACTIVE,RENTAL,40.672794,-73.98704
4271,87 Commercial Street,Greenpoint,1,1,0,2202N,ACTIVE,RENTAL,40.737507,-73.95626
4725,550 10th Avenue,Hudson Yards,0,1,0,2607,ACTIVE,RENTAL,40.758785,-73.99612
3380,148-37 88th Avenue,Jamaica,2,2,0,6D,ACTIVE,RENTAL,40.70577,-73.8089
4583,401 East 34th Street,Murray Hill,1,1,0,S09N,ACTIVE,RENTAL,40.7438,-73.9725
8135,507 West 28th Street,West Chelsea,2,2,0,402,ACTIVE,RENTAL,40.7513,-74.0024
4695,165 East 35th Street,Murray Hill,2,1,0,11I,ACTIVE,RENTAL,40.74671,-73.97781
5000,108 East 38th Street,Murray Hill,2,1,0,1403,ACTIVE,RENTAL,40.7491,-73.9789
5515,300 E. 39th Street,Murray Hill,1,1,0,27H,ACTIVE,RENTAL,40.7474,-73.973
4800,64 4th Place,Carroll Gardens,2,1,0,4R,ACTIVE,RENTAL,40.677967,-73.99956
3825,117 West 13th Street,Greenwich Village,0,1,0,35,ACTIVE,RENTAL,40.737225,-73.99807
13500,165 East 66th Street,Lenox Hill,2,2,0,15F,ACTIVE,RENTAL,40.766376,-73.96347
4850,601 West 57th Street,Hell's Kitchen,1,1,0,10M,ACTIVE,RENTAL,40.7708,-73.9918
4417,401 East 34th Street,Murray Hill,1,1,0,S26J,ACTIVE,RENTAL,40.7438,-73.9725
4388,180 Riverside Boulevard,Lincoln Square,1,1,0,3L,ACTIVE,RENTAL,40.7784,-73.9879
3590,23 West 94th Street,Upper West Side,0,1,0,E,ACTIVE,RENTAL,40.790905,-73.96634
3900,8 Palmetto Street,Bushwick,1,1,0,510,ACTIVE,RENTAL,40.68906,-73.920685
4191,1 Blue Slip,Greenpoint,0,1,0,0-26Q,ACTIVE,RENTAL,40.7369,-73.959
4119,245 E. 40th Street,Murray Hill,0,1,0,22J,ACTIVE,RENTAL,40.7489,-73.9734
4273,170 Amsterdam Avenue,Lincoln Square,0,1,0,02D,ACTIVE,RENTAL,40.7762,-73.9827
5985,55 Willoughby Street,Downtown Brooklyn,2,1,0,3C,ACTIVE,RENTAL,40.692432,-73.98687
5050,60 Wharf Dr,Greenpoint,1,1,0,1411,ACTIVE,RENTAL,40.726715,-73.96056
4400,29-28 41st Avenue,Long Island City,2,1,0,805,ACTIVE,RENTAL,40.750484,-73.936935
2999,2269 Adam Clayton Powell Boulevard,Central Harlem,2,1,0,4C,ACTIVE,RENTAL,40.814205,-73.94405
3650,1020 Rogers Avenue,Flatbush,2,2,0,6I,ACTIVE,RENTAL,40.64547,-73.95211
3005,166-20 90th Avenue,Jamaica,1,1,0,917,ACTIVE,RENTAL,40.707336,-73.794174
9122,401 East 34th Street,Murray Hill,2,2,0,N18H,ACTIVE,RENTAL,40.7438,-73.9725
7250,150 Lawrence Street,Downtown Brooklyn,2,2,0,334,ACTIVE,RENTAL,40.691624,-73.98658
3220,5055 Broadway,Inwood,1,1,0,211,ACTIVE,RENTAL,40.87025,-73.91585
3575,5055 Broadway,Inwood,1,1,0,213,ACTIVE,RENTAL,40.87025,-73.91585
2600,711 Ocean Avenue,Flatbush,1,1,0,BD,ACTIVE,RENTAL,40.6456,-73.9598
4254,55 Fleet Street,Downtown Brooklyn,0,1,0,17L,ACTIVE,RENTAL,40.6907,-73.9823
5395,5055 Broadway,Inwood,2,2,0,915,ACTIVE,RENTAL,40.87025,-73.91585
3596,121 West 116th Street,South Harlem,2,1,0,4D,ACTIVE,RENTAL,40.802704,-73.95058
3675,4650 Broadway,Fort George,1,1,0,1806,ACTIVE,RENTAL,40.862766,-73.92939
4733,4650 Broadway,Fort George,2,1,0,1803,ACTIVE,RENTAL,40.862766,-73.92939
5900,85 East End Avenue,Yorkville,1,1,0,10G,ACTIVE,RENTAL,40.773,-73.9456
4025,170 West 225th Street,Marble Hill,2,1,0,527,ACTIVE,RENTAL,40.87563,-73.91231
4195,170 West 225th Street,Marble Hill,2,1,0,329,ACTIVE,RENTAL,40.87563,-73.91231
3600,3880 9th Avenue,Inwood,1,1,0,3C,ACTIVE,RENTAL,40.864166,-73.91741
3200,3880 9th Avenue,Inwood,1,1,0,7V,ACTIVE,RENTAL,40.864166,-73.91741
4652,180 Montague Street,Brooklyn Heights,1,1,0,16A,ACTIVE,RENTAL,40.6939,-73.9919
4995,170 Freeman Street,Greenpoint,1,1,0,206,ACTIVE,RENTAL,40.734264,-73.954605
3400,415 West 120th Street,Morningside Heights,0,1,0,9F,ACTIVE,RENTAL,40.80918,-73.95813
4700,415 West 120th Street,Morningside Heights,0,1,0,9D,ACTIVE,RENTAL,40.80918,-73.95813
4650,415 West 120th Street,Morningside Heights,0,1,0,1D,ACTIVE,RENTAL,40.80918,-73.95813
6300,415 West 120th Street,Morningside Heights,0,1,0,PH,ACTIVE,RENTAL,40.80918,-73.95813
4750,415 West 120th Street,Morningside Heights,0,1,0,11E,ACTIVE,RENTAL,40.80918,-73.95813
2750,1646 Madison Avenue,East Harlem,2,1,0,5A,ACTIVE,RENTAL,40.796085,-73.94806
3800,223 West 138th Street,Central Harlem,2,1,0,5,ACTIVE,RENTAL,40.817898,-73.943306
3777,21 West Street,Financial District,0,1,0,03D,ACTIVE,RENTAL,40.7064,-74.0155
3631,111 Lawrence Street,Downtown Brooklyn,0,1,0,50C,ACTIVE,RENTAL,40.6927,-73.986
3978,431 West 37th Street,Hudson Yards,0,1,0,8F,ACTIVE,RENTAL,40.756,-73.9963
1895,735 Walton Avenue,Concourse,2,1,0,C1,ACTIVE,RENTAL,40.824593,-73.92617
3615,240 Willoughby Street,Fort Greene,0,1,0,25E,ACTIVE,RENTAL,40.69159,-73.97787
4304,401 East 34th Street,Murray Hill,1,1,0,N14N,ACTIVE,RENTAL,40.7438,-73.9725
2739,1 Arden Street,Fort George,2,1,0,303,ACTIVE,RENTAL,40.861336,-73.926414
17000,127 West 75th Street,Upper West Side,4,3,0,1F,ACTIVE,RENTAL,40.780083,-73.97849
6400,540 Fulton Street,Downtown Brooklyn,2,2,0,15K,ACTIVE,RENTAL,40.68879,-73.98152
7500,45 West 81st Street,Upper West Side,2,2,0,8M,ACTIVE,RENTAL,40.783146,-73.973694
6475,50 East 28th Street,NoMad,1,1,0,18L,ACTIVE,RENTAL,40.7437,-73.9851
6220,10 East 29th Street,NoMad,1,1,0,23E,ACTIVE,RENTAL,40.7446,-73.9862
4660,795 Columbus Avenue,Upper West Side,1,1,0,05J,ACTIVE,RENTAL,40.7943,-73.966
8995,49 East 34th Street,Murray Hill,1,1,1,PHC,ACTIVE,RENTAL,40.7476,-73.9822
3763,42-20 24th Street,Hunters Point,0,1,0,004B,ACTIVE,RENTAL,40.7507,-73.9421
6892,560 West 43rd Street,Hell's Kitchen,3,2,0,06C,ACTIVE,RENTAL,40.76114,-73.99756
3855,301 East 94th Street,Yorkville,0,1,0,07C,ACTIVE,RENTAL,40.782974,-73.9476
4750,78 West 11th Street,Greenwich Village,1,1,0,19,ACTIVE,RENTAL,40.73515,-73.998055
8847,431 East 20th Street,Stuyvesant Town/PCV,3,2,0,05-G,ACTIVE,RENTAL,40.7349,-73.977
3750,620 West 171st Street,Washington Heights,2,1,0,3A,ACTIVE,RENTAL,40.84316,-73.93962
4079,567 West 125th Street,Manhattanville,3,1,1,2D,ACTIVE,RENTAL,40.81554,-73.95774
3305,2413 3rd Avenue,Mott Haven,1,1,0,1702,ACTIVE,RENTAL,40.808754,-73.93145
25000,22 East 81st Street,Upper East Side,2,2,1,1,ACTIVE,RENTAL,40.777637,-73.96176
5600,435 East 79th Street,Yorkville,1,1,0,8U,ACTIVE,RENTAL,40.7719,-73.9506
25995,645 West 59th Street,Lincoln Square,4,3,1,1808,ACTIVE,RENTAL,40.772213,-73.991646
6075,250 West 93rd Street,Upper West Side,1,1,0,16B,ACTIVE,RENTAL,40.7927,-73.9738
5075,412 East 55th Street,Sutton Place,1,1,0,7H,ACTIVE,RENTAL,40.756424,-73.96309
8663,55 Fleet Street,Downtown Brooklyn,2,2,0,17G,ACTIVE,RENTAL,40.6907,-73.9823
8500,354 East 91st Street,Yorkville,3,2,0,0902,ACTIVE,RENTAL,40.7805,-73.9482
5502,20 Halletts Point,Astoria,2,1,0,2-2610,ACTIVE,RENTAL,40.776154,-73.93589
2958,104-60 Queens Boulevard,Forest Hills,0,1,0,20R,ACTIVE,RENTAL,40.7232,-73.8499
6110,340 East 52nd Street,Turtle Bay,1,1,0,7H,ACTIVE,RENTAL,40.75526,-73.96613
4507,100 Willoughby Street,Downtown Brooklyn,1,1,0,22W,ACTIVE,RENTAL,40.6919,-73.9846
3027,442 61st Street,Sunset Park,2,1,0,2D,ACTIVE,RENTAL,40.63918,-74.017685
2842,166-20 90th Avenue,Jamaica,1,1,0,348,ACTIVE,RENTAL,40.707336,-73.794174
2842,166-20 90th Avenue,Jamaica,1,1,0,349,ACTIVE,RENTAL,40.707336,-73.794174
6795,401 East 34th Street,Murray Hill,1,1,0,S18J,ACTIVE,RENTAL,40.7438,-73.9725
3800,245 East 63rd Street,Lenox Hill,0,1,0,219,ACTIVE,RENTAL,40.7636,-73.9628
10995,92 Grove Street,West Village,2,2,0,18,ACTIVE,RENTAL,40.7334,-74.0018
4995,650 1st Avenue,Murray Hill,0,1,0,7B,ACTIVE,RENTAL,40.74572,-73.971634
5400,170 Freeman Street,Greenpoint,1,1,0,307,ACTIVE,RENTAL,40.734264,-73.954605
4199,160 Front Street,DUMBO,0,1,0,338,ACTIVE,RENTAL,40.702206,-73.98567
2195,3025 Godwin Terrace,Kingsbridge,1,1,0,5B,ACTIVE,RENTAL,40.878365,-73.90692
3125,8 Palmetto Street,Bushwick,0,1,0,305,ACTIVE,RENTAL,40.68906,-73.920685
3295,1309 5th Avenue,South Harlem,1,1,0,33A,ACTIVE,RENTAL,40.796806,-73.94814
6196,100 West 31st Street,Midtown South,1,1,0,34A,ACTIVE,RENTAL,40.7479,-73.9896
6773,29-59 Northern Boulevard,Long Island City,2,1,0,60P,ACTIVE,RENTAL,40.75059,-73.935616
3777,10 Hanover Square,Financial District,0,1,0,08T,ACTIVE,RENTAL,40.7046,-74.0088
3909,10 Hanover Square,Financial District,0,1,0,23T,ACTIVE,RENTAL,40.7046,-74.0088
3723,795 Columbus Avenue,Upper West Side,0,1,0,09M,ACTIVE,RENTAL,40.7943,-73.966
3985,146 South 4th Street,Williamsburg,0,1,0,4G,ACTIVE,RENTAL,40.711388,-73.96242
5025,55 Willoughby Street,Downtown Brooklyn,1,1,0,25F,ACTIVE,RENTAL,40.692432,-73.98687
4940,55 Willoughby Street,Downtown Brooklyn,1,1,0,29H,ACTIVE,RENTAL,40.692432,-73.98687
3000,228 East 89th Street,Yorkville,0,1,0,0A,ACTIVE,RENTAL,40.7801,-73.9518
3495,43-25 52nd Street,Woodside,2,1,0,4G,ACTIVE,RENTAL,40.743423,-73.91243
7500,600 West 58th Street,Hell's Kitchen,3,2,0,7K,ACTIVE,RENTAL,40.771,-73.9916
6714,105 West 29th Street,Chelsea,1,1,0,52I,ACTIVE,RENTAL,40.7471,-73.9903
3125,4568 Broadway,Fort George,1,1,0,PHK,ACTIVE,RENTAL,40.85971,-73.93044
5245,395 South End Avenue,Battery Park City,1,1,0,26M,ACTIVE,RENTAL,40.7111,-74.017
4905,303 East 83rd Street,Yorkville,1,1,0,09E,ACTIVE,RENTAL,40.776,-73.9527
1750,2078 Cropsey Avenue,Bath Beach,0,1,0,5B,ACTIVE,RENTAL,40.5988,-74.0019
7320,37 West 21st Street,Flatiron,1,1,0,0602,ACTIVE,RENTAL,40.7413,-73.9923
6000,778 Madison Avenue,Lenox Hill,1,1,0,4A,ACTIVE,RENTAL,40.768337,-73.96828
6043,776 Sixth Avenue,NoMad,1,1,0,27J,ACTIVE,RENTAL,40.7448,-73.9909
4849,1065 Second Avenue,Sutton Place,0,1,0,05K,ACTIVE,RENTAL,40.758835,-73.96572
3250,1309 5th Avenue,South Harlem,0,1,0,27C,ACTIVE,RENTAL,40.796806,-73.94814
4500,55 Paseo Place,Park Slope,0,1,0,PH6,ACTIVE,RENTAL,40.67949,-73.97888
5550,222 East 34th Street,Kips Bay,1,1,0,1225,ACTIVE,RENTAL,40.745,-73.9773
5051,801 Amsterdam Avenue,Upper West Side,1,1,0,03C,ACTIVE,RENTAL,40.7961,-73.9686
5400,40 East 12th Street,Greenwich Village,1,1,0,1B,ACTIVE,RENTAL,40.7334,-73.9921
2900,5 Lincoln Avenue,Mott Haven,1,1,0,E-1950,ACTIVE,RENTAL,40.807106,-73.93004
6886,5 Lincoln Avenue,Mott Haven,2,2,1,W-0001C,ACTIVE,RENTAL,40.807106,-73.93004
5728,5 Lincoln Avenue,Mott Haven,3,2,0,W-2302,ACTIVE,RENTAL,40.807106,-73.93004
4479,401 East 34th Street,Murray Hill,1,1,0,N06N,ACTIVE,RENTAL,40.7438,-73.9725
5600,150 Lawrence Street,Downtown Brooklyn,2,2,0,2102,ACTIVE,RENTAL,40.691624,-73.98658
4062,953 Dean Street,Crown Heights,1,1,0,902,ACTIVE,RENTAL,40.678547,-73.958305
5700,85 East End Avenue,Yorkville,1,1,0,01H,ACTIVE,RENTAL,40.773,-73.9456
5900,90 West Street,Financial District,1,1,0,19W,ACTIVE,RENTAL,40.70999,-74.01426
3033,176 Woodward Avenue,Ridgewood,0,1,0,141,ACTIVE,RENTAL,40.71168,-73.91733
4750,150 West 58th Street,Midtown,1,1,0,4A,ACTIVE,RENTAL,40.7655,-73.9785
5195,1515 Surf Avenue,Coney Island,2,1,0,PH1D,ACTIVE,RENTAL,40.5761,-73.98294
2030,90-10 149th Street,Jamaica,0,1,0,601,ACTIVE,RENTAL,40.703037,-73.806335
3225,975 Nostrand Avenue,Crown Heights,0,1,0,443,ACTIVE,RENTAL,40.664635,-73.950386
3225,975 Nostrand Avenue,Crown Heights,0,1,0,213,ACTIVE,RENTAL,40.664635,-73.950386
2031,88-18 150th Street,Jamaica,1,1,0,120,ACTIVE,RENTAL,40.705093,-73.806206
1930,88-25 148th Street,Jamaica,0,1,0,121,ACTIVE,RENTAL,40.70458,-73.80744
2335,88-25 148th Street,Jamaica,1,1,0,110,ACTIVE,RENTAL,40.70458,-73.80744
2235,140-60 Beech Avenue,East Flushing,0,1,0,214,ACTIVE,RENTAL,40.75537,-73.821465
3400,153-10 88th Avenue,Jamaica,1,1,0,1C,ACTIVE,RENTAL,40.706123,-73.80623
6472,20 Halletts Point,Astoria,2,1,0,2-2202,ACTIVE,RENTAL,40.776154,-73.93589
2667,140-60 Beech Avenue,East Flushing,2,1,0,187,ACTIVE,RENTAL,40.75537,-73.821465
6973,400 West 113th Street,Morningside Heights,1,1,0,1026,ACTIVE,RENTAL,40.804,-73.9604
3200,244 Central Avenue,Bushwick,2,1,0,3RD FLOOR,ACTIVE,RENTAL,40.69702,-73.923744
3500,175 West 90th Street,Upper West Side,0,1,0,5K,ACTIVE,RENTAL,40.790398,-73.97251
3125,8 Palmetto Street,Bushwick,1,1,0,207,ACTIVE,RENTAL,40.68906,-73.920685
7000,240 Third Avenue,Gowanus,2,2,0,2H,ACTIVE,RENTAL,40.678787,-73.985596
7730,105 Duane Street,Tribeca,1,1,0,43C,ACTIVE,RENTAL,40.7158,-74.0062
7854,196 Willoughby Street,Downtown Brooklyn,2,2,0,29E,ACTIVE,RENTAL,40.69148,-73.97996
2795,2100 2nd Avenue,East Harlem,1,1,0,12,ACTIVE,RENTAL,40.7919,-73.9411
3295,212 East 105th Street,East Harlem,2,1,0,19,ACTIVE,RENTAL,40.7904,-73.9446
4875,601 West 57th Street,Hell's Kitchen,1,1,0,38L,ACTIVE,RENTAL,40.7708,-73.9918
5310,50 East 28th Street,NoMad,0,1,0,17C,ACTIVE,RENTAL,40.7437,-73.9851
3855,430 Main Street,Roosevelt Island,0,1,0,25P,ACTIVE,RENTAL,40.75855,-73.9526
5226,750 Columbus Avenue,Upper West Side,1,1,0,09C,ACTIVE,RENTAL,40.7934,-73.9678
3940,111 Lawrence Street,Downtown Brooklyn,1,1,0,17A,ACTIVE,RENTAL,40.6927,-73.986
3795,74 Maujer Street,Williamsburg,2,1,0,GC,ACTIVE,RENTAL,40.71019,-73.94741
4983,775 Columbus Avenue,Upper West Side,1,1,0,10B,ACTIVE,RENTAL,40.7938,-73.9665
6840,69 Adams Street,DUMBO,2,2,0,20Q,ACTIVE,RENTAL,40.702103,-73.988335
2500,1886 Eastern Parkway,Ocean Hill,1,1,0,1F,ACTIVE,RENTAL,40.676785,-73.90766
3825,60 Wharf Dr,Greenpoint,0,1,0,532,ACTIVE,RENTAL,40.726715,-73.96056
2950,2092 Frederick Douglass Boulevard,South Harlem,2,1,0,4C,ACTIVE,RENTAL,40.802517,-73.956345
4400,2090 Frederick Douglass Boulevard,South Harlem,3,1,0,2C,ACTIVE,RENTAL,40.80245,-73.9564
3352,89-21 153rd Street,Jamaica,3,1,0,205,ACTIVE,RENTAL,40.704563,-73.80297
2235,94-25 57th Avenue,Elmhurst,0,1,0,124,ACTIVE,RENTAL,40.7368,-73.8666
3200,620 West 153rd Street,Hamilton Heights,0,1,0,22G,ACTIVE,RENTAL,40.831673,-73.94822
5550,55 West 25th Street,NoMad,0,1,0,05E,ACTIVE,RENTAL,40.7443,-73.9912
7795,360 East 65th Street,Lenox Hill,2,2,0,021A,ACTIVE,RENTAL,40.7632,-73.9597
5611,212 West 124th Street,South Harlem,1,1,1,1507,ACTIVE,RENTAL,40.80867,-73.95028
3900,2940 Ocean Parkway,Coney Island,2,1,15,13N,ACTIVE,RENTAL,40.579506,-73.968796
3850,3000 Ocean Parkway,Coney Island,2,1,0,9K,ACTIVE,RENTAL,40.577362,-73.969124
10697,776 Sixth Avenue,NoMad,2,2,0,30F,ACTIVE,RENTAL,40.7448,-73.9909
4080,2-33 50th Avenue,Hunters Point,0,1,0,E613,ACTIVE,RENTAL,40.743687,-73.9571
5425,260 West 52nd Street,Midtown,1,1,0,16F,ACTIVE,RENTAL,40.7632,-73.9849
6688,401 East 34th Street,Murray Hill,1,1,0,N12H,ACTIVE,RENTAL,40.7438,-73.9725
7495,509 3rd Avenue,Murray Hill,2,2,0,16F,ACTIVE,RENTAL,40.74577,-73.97756
5000,402 East 118th Street,East Harlem,3,2,0,7D,ACTIVE,RENTAL,40.796913,-73.93411
5064,19 Dutch Street,Fulton/Seaport,0,1,0,32B,ACTIVE,RENTAL,40.709816,-74.00738
4999,1065 Second Avenue,Sutton Place,0,1,0,06L,ACTIVE,RENTAL,40.758835,-73.96572
3575,61-55 Junction Boulevard,Rego Park,1,1,0,24B,ACTIVE,RENTAL,40.733,-73.863
4900,55 Fleet Street,Downtown Brooklyn,1,1,0,24F,ACTIVE,RENTAL,40.6907,-73.9823
9500,626 1st Avenue,Murray Hill,2,2,0,E34C,ACTIVE,RENTAL,40.7444,-73.972
6869,420 East 54th Street,Sutton Place,1,2,0,1708,ACTIVE,RENTAL,40.7558,-73.9635
7752,420 East 54th Street,Sutton Place,2,2,0,1901,ACTIVE,RENTAL,40.7558,-73.9635
3895,45 Hoyt Street,Downtown Brooklyn,0,1,0,15W,ACTIVE,RENTAL,40.6892,-73.9856
6229,626 1st Avenue,Murray Hill,1,1,0,E31D,ACTIVE,RENTAL,40.7444,-73.972
4150,566 West 126th Street,Manhattanville,3,2,0,25,ACTIVE,RENTAL,40.816013,-73.957664
6475,211 North End Avenue,Battery Park City,1,1,0,11P,ACTIVE,RENTAL,40.716286,-74.015465
4535,1975 Madison Avenue,Central Harlem,1,1,0,701,ACTIVE,RENTAL,40.80643,-73.93965
4198,70 Pine Street,Financial District,0,1,0,1012,ACTIVE,RENTAL,40.7065,-74.0077
4338,70 Pine Street,Financial District,0,1,0,0829,ACTIVE,RENTAL,40.7065,-74.0077
6800,88 Leonard Street,Tribeca,1,1,0,1202,ACTIVE,RENTAL,40.7169,-74.0047
4300,323 West 96th Street,Upper West Side,1,1,0,308,ACTIVE,RENTAL,40.795963,-73.97418
7280,180 West 20th Street,Chelsea,1,1,0,09W,ACTIVE,RENTAL,40.7418,-73.9968
12000,280 East Houston Street,East Village,2,2,0,9K,ACTIVE,RENTAL,40.72222,-73.98527
5795,780 Greenwich Street,West Village,0,1,0,1D,ACTIVE,RENTAL,40.7367,-74.0068
3900,345 East 94th Street,Yorkville,0,1,0,3F,ACTIVE,RENTAL,40.7823,-73.9458
3264,4650 Broadway,Fort George,0,1,0,1802,ACTIVE,RENTAL,40.862766,-73.92939
6411,105 West 29th Street,Chelsea,1,1,0,27I,ACTIVE,RENTAL,40.7471,-73.9903
3653,10 Hanover Square,Financial District,0,1,0,10X,ACTIVE,RENTAL,40.7046,-74.0088
3500,79 Sullivan Street,Soho,1,1,0,2D,ACTIVE,RENTAL,40.72463,-74.003586
12326,55 Fleet Street,Downtown Brooklyn,3,2,0,12A,ACTIVE,RENTAL,40.6907,-73.9823
5450,235 Prospect Park West,Windsor Terrace,2,2,0,403,ACTIVE,RENTAL,40.659527,-73.98069
3500,555 West 52nd Street,Hell's Kitchen,0,1,0,505,ACTIVE,RENTAL,40.767155,-73.99323
7265,271 West 47th Street,Midtown,2,2,0,46B,ACTIVE,RENTAL,40.76051,-73.987
4000,545 West 148th Street,Hamilton Heights,3,1,0,4D,ACTIVE,RENTAL,40.828053,-73.94776
4600,23-10 42nd Road,Hunters Point,1,1,0,07H,ACTIVE,RENTAL,40.750328,-73.94273
5090,23-10 42nd Road,Hunters Point,1,1,0,PH2B,ACTIVE,RENTAL,40.750328,-73.94273
6800,23-10 42nd Road,Hunters Point,2,2,0,PH2G,ACTIVE,RENTAL,40.750328,-73.94273
6850,23-10 42nd Road,Hunters Point,2,2,0,09C,ACTIVE,RENTAL,40.750328,-73.94273
3450,4778 Broadway,Inwood,0,1,0,5P,ACTIVE,RENTAL,40.865578,-73.92604
3225,4778 Broadway,Inwood,0,1,0,6P,ACTIVE,RENTAL,40.865578,-73.92604
3868,23-10 42nd Road,Hunters Point,0,1,0,03A,ACTIVE,RENTAL,40.750328,-73.94273
3245,4778 Broadway,Inwood,0,1,0,2P,ACTIVE,RENTAL,40.865578,-73.92604
3475,4778 Broadway,Inwood,1,1,0,11P,ACTIVE,RENTAL,40.865578,-73.92604
3850,25-28 Broadway,Astoria,2,1,0,7BB,ACTIVE,RENTAL,40.762783,-73.92771
3570,400 West 37th Street,Hudson Yards,0,1,0,9U,ACTIVE,RENTAL,40.7552,-73.9955
6970,777 6th Avenue,Chelsea,1,1,0,30H,ACTIVE,RENTAL,40.7451,-73.9916
2850,72-01 Queens Boulevard,Woodside,1,1,0,520,ACTIVE,RENTAL,40.739925,-73.89133
3000,125 Martense Street,Flatbush,2,1,0,5B,ACTIVE,RENTAL,40.651703,-73.954704
3150,991 Saint John's Place,Crown Heights,0,1,0,1D,ACTIVE,RENTAL,40.671688,-73.945404
7995,40 Harrison Street,Tribeca,2,1,0,40-05N,ACTIVE,RENTAL,40.7181,-74.0112
3700,43-46 39th Place,Sunnyside,1,1,0,706,ACTIVE,RENTAL,40.744343,-73.92539
14500,60 Wharf Dr,Greenpoint,2,2,0,4012,ACTIVE,RENTAL,40.726715,-73.96056
4176,111 Lawrence Street,Downtown Brooklyn,1,1,0,23L,ACTIVE,RENTAL,40.6927,-73.986
2795,112 Haven Avenue,Washington Heights,1,1,0,48,ACTIVE,RENTAL,40.84503,-73.9426
5324,801 Amsterdam Avenue,Upper West Side,1,1,0,04G,ACTIVE,RENTAL,40.7961,-73.9686
2100,41-45 149th Street,Murray Hill,1,1,0,3B,ACTIVE,RENTAL,40.7609,-73.815
5730,305 West 50th Street,Hell's Kitchen,1,1,0,26E,ACTIVE,RENTAL,40.7626,-73.9862
6100,265 East 66th Street,Lenox Hill,1,1,1,3A,ACTIVE,RENTAL,40.7658,-73.9616
4965,225 Schermerhorn Street,Downtown Brooklyn,2,1,0,21C,ACTIVE,RENTAL,40.689,-73.985
5682,525 West 52nd Street,Hell's Kitchen,1,1,0,5DN,ACTIVE,RENTAL,40.7667,-73.9919
3000,318 West 106th Street,Upper West Side,0,1,0,1RE,ACTIVE,RENTAL,40.80182,-73.96972
7121,7 Peter Cooper Road,Stuyvesant Town/PCV,2,2,0,01-C,ACTIVE,RENTAL,40.7349,-73.977
4700,601 West 57th Street,Hell's Kitchen,1,1,0,19S,ACTIVE,RENTAL,40.7708,-73.9918
3595,43-25 52nd Street,Woodside,2,1,0,7M,ACTIVE,RENTAL,40.743423,-73.91243
3495,43-25 52nd Street,Woodside,2,1,0,2L,ACTIVE,RENTAL,40.743423,-73.91243
2537,43-25 52nd Street,Woodside,0,1,0,2M,ACTIVE,RENTAL,40.743423,-73.91243
4267,189 West 89th Street,Upper West Side,0,1,0,5N,ACTIVE,RENTAL,40.7896,-73.9732
6300,160 West 97th Street,Upper West Side,2,1,0,13F,ACTIVE,RENTAL,40.7939,-73.9693
4470,260 West 52nd Street,Midtown,1,1,0,04J,ACTIVE,RENTAL,40.7632,-73.9849
4588,808 Columbus Avenue,Upper West Side,1,1,0,09L,ACTIVE,RENTAL,40.7953,-73.9662
3400,240 Third Avenue,Gowanus,0,1,0,6D,ACTIVE,RENTAL,40.678787,-73.985596
2750,74 West 126th Street,Central Harlem,0,1,0,1F,ACTIVE,RENTAL,40.807922,-73.94435
3375,850 Amsterdam Avenue,Manhattan Valley,0,1,0,15E,ACTIVE,RENTAL,40.797657,-73.96814
4495,724 10th Avenue,Hell's Kitchen,2,1,0,3B,ACTIVE,RENTAL,40.7642,-73.9917
9595,311 11th Avenue,West Chelsea,2,2,0,4004,ACTIVE,RENTAL,40.753277,-74.00423
7000,98-81 Queens Boulevard,Rego Park,3,2,0,3P,ACTIVE,RENTAL,40.727974,-73.855194
3295,886 10th Avenue,Hell's Kitchen,1,1,0,5B,ACTIVE,RENTAL,40.769493,-73.98788
2600,258 West 135th Street,Central Harlem,1,1,0,1R,ACTIVE,RENTAL,40.815857,-73.94574
1929,87-87 171st Street,Jamaica,0,1,0,404,ACTIVE,RENTAL,40.710964,-73.790344
5323,429 East 52nd Street,Beekman,1,1,0,35D,ACTIVE,RENTAL,40.754936,-73.9637
4240,315 West 33rd Street,Hudson Yards,0,1,0,8M,ACTIVE,RENTAL,40.752262,-73.99461
5950,212 West 124th Street,South Harlem,2,1,0,1503,ACTIVE,RENTAL,40.80867,-73.95028
3395,605 West 112th Street,Morningside Heights,1,1,0,3C,ACTIVE,RENTAL,40.805927,-73.96632
7250,150 Lawrence Street,Downtown Brooklyn,2,2,0,344,ACTIVE,RENTAL,40.691624,-73.98658
5395,255 West 94th Street,Upper West Side,1,1,0,11K,ACTIVE,RENTAL,40.7937,-73.973
4191,5-11 47th Avenue,Hunters Point,0,1,0,12N,ACTIVE,RENTAL,40.746,-73.9548
4703,301 East 94th Street,Yorkville,1,1,0,11C,ACTIVE,RENTAL,40.782974,-73.9476
2795,2385 3rd Avenue,Mott Haven,1,1,0,A-1021,ACTIVE,RENTAL,40.808674,-73.931915
2995,2385 3rd Avenue,Mott Haven,1,1,0,C-2534,ACTIVE,RENTAL,40.808674,-73.931915
3768,30 Waterside Plaza,Kips Bay,0,1,0,40-25L,ACTIVE,RENTAL,40.7379,-73.973
8110,231 East 76th Street,Lenox Hill,1,1,0,2A,ACTIVE,RENTAL,40.771862,-73.957016
4755,10 Hanover Square,Financial District,1,1,0,18L,ACTIVE,RENTAL,40.7046,-74.0088
3635,801 Amsterdam Avenue,Upper West Side,0,1,0,06F,ACTIVE,RENTAL,40.7961,-73.9686
3865,475 Clermont Avenue,Fort Greene,0,1,0,0321,ACTIVE,RENTAL,40.6838,-73.9688
5672,400 West 63rd Street,Lincoln Square,1,1,0,1202,ACTIVE,RENTAL,40.7746,-73.9899
4581,19 Dutch Street,Fulton/Seaport,0,1,0,18D,ACTIVE,RENTAL,40.709816,-74.00738
4547,19 Dutch Street,Fulton/Seaport,0,1,0,27B,ACTIVE,RENTAL,40.709816,-74.00738
4735,19 Dutch Street,Fulton/Seaport,0,1,0,43D,ACTIVE,RENTAL,40.709816,-74.00738
3100,534 West 50th Street,Hell's Kitchen,1,1,0,4C,ACTIVE,RENTAL,40.76514,-73.99347
2500,320 East 11th Street,East Village,1,1,0,201,ACTIVE,RENTAL,40.729717,-73.98537
5300,55 Suffolk Street,Lower East Side,0,1,0,703,ACTIVE,RENTAL,40.716984,-73.98724
4595,250 Ashland Place,Fort Greene,1,1,0,39M,ACTIVE,RENTAL,40.6877,-73.9784
5195,55 Suffolk Street,Lower East Side,0,1,0,406,ACTIVE,RENTAL,40.716984,-73.98724
4457,271 West 47th Street,Midtown,0,1,0,8G,ACTIVE,RENTAL,40.76051,-73.987
4885,44-28 Purves Street,Hunters Point,1,1,0,32A,ACTIVE,RENTAL,40.7463,-73.9413
4750,170 Freeman Street,Greenpoint,1,1,0,403,ACTIVE,RENTAL,40.734264,-73.954605
2750,74 West 126th Street,Central Harlem,0,1,0,1A,ACTIVE,RENTAL,40.807922,-73.94435
6291,120 W. 21st,Chelsea,1,1,0,810,ACTIVE,RENTAL,40.7419,-73.9949
2825,313 East 95th Street,Yorkville,1,1,0,20,ACTIVE,RENTAL,40.783386,-73.94656
8662,170 Amsterdam Avenue,Lincoln Square,2,2,0,20E,ACTIVE,RENTAL,40.7762,-73.9827
37500,401 West Street,West Village,1,2,0,3A,ACTIVE,RENTAL,40.73363,-74.0098
7303,250 West 50th Street,Midtown,2,2,0,35D,ACTIVE,RENTAL,40.7616,-73.9862
110000,401 West Street,West Village,3,4,0,6,ACTIVE,RENTAL,40.73363,-74.0098
3300,97-12 65th Road,Rego Park,1,1,0,18F,ACTIVE,RENTAL,40.728275,-73.85786
5000,460 West 50th Street,Hell's Kitchen,2,1,1,2C,ACTIVE,RENTAL,40.7645,-73.9917
4393,395 Leonard Street,Williamsburg,0,1,0,533,ACTIVE,RENTAL,40.7181,-73.9488
3245,620 West 153rd Street,Hamilton Heights,2,1,0,14G,ACTIVE,RENTAL,40.831673,-73.94822
7916,30 Waterside Plaza,Kips Bay,3,2,0,10-30D,ACTIVE,RENTAL,40.7379,-73.973
4676,30 Waterside Plaza,Kips Bay,1,1,0,10-31G,ACTIVE,RENTAL,40.7379,-73.973
3400,152-09 88th Avenue,Jamaica,2,2,0,604,ACTIVE,RENTAL,40.70642,-73.804924
2650,152-09 88th Avenue,Jamaica,1,1,0,406,ACTIVE,RENTAL,40.70642,-73.804924
7700,130 West 15th Street,Chelsea,1,1,0,14G,ACTIVE,RENTAL,40.7382,-73.9977
10500,606 West 30th Street,West Chelsea,2,2,0,46C,ACTIVE,RENTAL,40.753403,-74.00476
3200,276 West 115th Street,South Harlem,2,1,0,5A,ACTIVE,RENTAL,40.803303,-73.95541
6715,50 East 28th Street,NoMad,1,1,0,3J,ACTIVE,RENTAL,40.7437,-73.9851
3500,271 West 119th Street,South Harlem,2,1,0,2E,ACTIVE,RENTAL,40.80614,-73.95316
3000,1 Lenox Road,Flatbush,1,1,0,7D,ACTIVE,RENTAL,40.653725,-73.95915
5775,60 West 66th Street,Lincoln Square,1,1,0,10C,ACTIVE,RENTAL,40.7732,-73.9814
3450,666 West End Avenue,Upper West Side,0,1,0,18W,ACTIVE,RENTAL,40.7927,-73.9745
5000,555 10th Avenue,Hudson Yards,0,1,0,54M,ACTIVE,RENTAL,40.758778,-73.9965
2300,523 West 150th Street,Hamilton Heights,1,1,0,4,ACTIVE,RENTAL,40.829044,-73.946236
4920,525 West 28th Street,West Chelsea,1,1,0,856,ACTIVE,RENTAL,40.7514,-74.0028
3150,64-08 Wetherole Street,Rego Park,0,1,0,5B,ACTIVE,RENTAL,40.727264,-73.862404
6440,567 Fulton Street,Downtown Brooklyn,1,1,0,44C,ACTIVE,RENTAL,40.689545,-73.98176
4750,1592 First Avenue,Yorkville,2,1,0,2A,ACTIVE,RENTAL,40.7747,-73.9506
6273,777 6th Avenue,Chelsea,1,1,0,16F,ACTIVE,RENTAL,40.7451,-73.9916
5150,141 East 56th Street,Sutton Place,1,1,0,6K,ACTIVE,RENTAL,40.76018,-73.96887
4203,150 Lawrence Street,Downtown Brooklyn,1,1,0,551,ACTIVE,RENTAL,40.691624,-73.98658
6984,60 East 12th Street,Greenwich Village,1,1,0,12BX,ACTIVE,RENTAL,40.73287,-73.9908
4392,189 West 89th Street,Upper West Side,0,1,0,15E,ACTIVE,RENTAL,40.7896,-73.9732
5466,180 Riverside Boulevard,Lincoln Square,1,2,0,10A,ACTIVE,RENTAL,40.7784,-73.9879
5205,567 Fulton Street,Downtown Brooklyn,1,1,0,49J,ACTIVE,RENTAL,40.689545,-73.98176
4900,505 State Street,Downtown Brooklyn,1,1,0,03N,ACTIVE,RENTAL,40.68554,-73.97882
26000,6 East 65th Street,Lenox Hill,4,2,2,1,ACTIVE,RENTAL,40.7676,-73.9698
5668,180 West 20th Street,Chelsea,0,1,0,07G,ACTIVE,RENTAL,40.7418,-73.9968
5936,245 E. 40th Street,Murray Hill,1,1,0,16C,ACTIVE,RENTAL,40.7489,-73.9734
4684,150 East 44th Street,Turtle Bay,0,1,0,51A,ACTIVE,RENTAL,40.7521,-73.9742
5530,138 East 12th Street,East Village,0,1,0,08D,ACTIVE,RENTAL,40.7319,-73.9886
15022,243 West 28th Street,Chelsea,2,2,0,S-21E,ACTIVE,RENTAL,40.748302,-73.99495
6040,141 East 33rd Street,Kips Bay,1,1,0,5D,ACTIVE,RENTAL,40.7458,-73.9798
3952,95 Wall Street,Financial District,0,1,0,2325,ACTIVE,RENTAL,40.7046,-74.0075
6868,800 6th Avenue,NoMad,1,1,0,7F,ACTIVE,RENTAL,40.7456,-73.9904
3250,154 Bradford Street,East New York,2,1,0,3,ACTIVE,RENTAL,40.675545,-73.8932
3400,322 East 93rd Street,Yorkville,1,1,0,4C,ACTIVE,RENTAL,40.781612,-73.94742
3690,322 East 93rd Street,Yorkville,1,1,0,3D,ACTIVE,RENTAL,40.781612,-73.94742
5124,50 West 77th Street,Upper West Side,1,1,0,03D,ACTIVE,RENTAL,40.7802,-73.9761
3965,8 Court Square,Hunters Point,0,1,0,08K,ACTIVE,RENTAL,40.746864,-73.942474
7500,165 East 35th Street,Murray Hill,4,2,0,12DE,ACTIVE,RENTAL,40.74671,-73.97781
5600,101 East 10th Street,East Village,1,1,0,5F,ACTIVE,RENTAL,40.730774,-73.988655
26985,7 West 57th Street,Midtown,2,2,0,17,ACTIVE,RENTAL,40.763523,-73.974556
4661,29-59 Northern Boulevard,Long Island City,1,1,0,64J,ACTIVE,RENTAL,40.75059,-73.935616
4408,81-07 Kew Gardens Road,Kew Gardens,2,2,0,6B,ACTIVE,RENTAL,40.71319,-73.8296
4453,95 Wall Street,Financial District,0,1,0,1004,ACTIVE,RENTAL,40.7046,-74.0075
3600,6 West 126th Street,Central Harlem,1,1,0,4BB,ACTIVE,RENTAL,40.807217,-73.94257
5500,212 West 124th Street,South Harlem,2,2,0,1109,ACTIVE,RENTAL,40.80867,-73.95028
4500,315 East 95th Street,Yorkville,2,1,0,3E,ACTIVE,RENTAL,40.783333,-73.94644
6800,88 Leonard Street,Tribeca,1,1,0,0802,ACTIVE,RENTAL,40.7169,-74.0047
3745,230 West 126th Street,Central Harlem,1,1,0,23B,ACTIVE,RENTAL,40.80995,-73.94936
4110,55 Willoughby Street,Downtown Brooklyn,0,1,0,4E,ACTIVE,RENTAL,40.692432,-73.98687
4300,376 Baltic Street,Boerum Hill,1,1,0,2B,ACTIVE,RENTAL,40.684002,-73.99031
1900,2331 1st Avenue,East Harlem,0,1,0,2A,ACTIVE,RENTAL,40.79835,-73.934105
3800,2-22 51st Avenue,Hunters Point,1,1,0,2C,ACTIVE,RENTAL,40.742725,-73.96022
5265,55 Willoughby Street,Downtown Brooklyn,1,1,0,19B,ACTIVE,RENTAL,40.692432,-73.98687
6500,376 Baltic Street,Boerum Hill,2,2,0,4A,ACTIVE,RENTAL,40.684002,-73.99031
3949,805 Columbus Avenue,Upper West Side,0,1,0,10D,ACTIVE,RENTAL,40.795,-73.9656
4822,70 Pine Street,Financial District,0,1,0,0726,ACTIVE,RENTAL,40.7065,-74.0077
4151,23-10 42nd Road,Hunters Point,0,1,0,16D,ACTIVE,RENTAL,40.750328,-73.94273
3150,1 Lenox Road,Flatbush,1,1,0,3B,ACTIVE,RENTAL,40.653725,-73.95915
5940,19 Dutch Street,Fulton/Seaport,1,1,0,30H,ACTIVE,RENTAL,40.709816,-74.00738
7300,10-40 River Road,Roosevelt Island,3,2,1,03014K0,ACTIVE,RENTAL,40.7648,-73.9471
4500,255 West 51st Street,Midtown,1,1,0,3A,ACTIVE,RENTAL,40.76291,-73.98533
3785,953 Dean Street,Crown Heights,1,1,0,316,ACTIVE,RENTAL,40.678547,-73.958305
2831,166-20 90th Avenue,Jamaica,1,1,0,433,ACTIVE,RENTAL,40.707336,-73.794174
6200,537 West 27th Street,West Chelsea,1,1,0,2D,ACTIVE,RENTAL,40.751133,-74.00408
4862,29-59 Northern Boulevard,Long Island City,1,1,0,30B,ACTIVE,RENTAL,40.75059,-73.935616
3585,240 Willoughby Street,Fort Greene,0,1,0,28D,ACTIVE,RENTAL,40.69159,-73.97787
5417,335 Bond Street,Gowanus,1,1,0,4G,ACTIVE,RENTAL,40.678783,-73.98999
5000,161 West 54th Street,Midtown,2,1,0,203B,ACTIVE,RENTAL,40.763622,-73.98101
4650,15 Park Row,Fulton/Seaport,1,1,0,19F,ACTIVE,RENTAL,40.711174,-74.00779
2950,1743 81st Street,Bensonhurst,2,1,1,2B,ACTIVE,RENTAL,40.61088,-74.00056
3420,54 Crown Street,Crown Heights,0,1,0,1502,ACTIVE,RENTAL,40.666847,-73.959946
3605,54 Crown Street,Crown Heights,0,1,0,1614,ACTIVE,RENTAL,40.666847,-73.959946
4170,54 Crown Street,Crown Heights,1,1,0,PH03,ACTIVE,RENTAL,40.666847,-73.959946
4021,25 West 132nd Street,Central Harlem,2,1,1,07MN,ACTIVE,RENTAL,40.8117,-73.9396
4897,227 West 77th Street,Upper West Side,0,1,0,16J,ACTIVE,RENTAL,40.7825,-73.9803
6095,221 West 29th Street,Chelsea,1,1,0,15B,ACTIVE,RENTAL,40.74841,-73.993645
14700,241 Central Park West,Upper West Side,2,2,0,7E,ACTIVE,RENTAL,40.7844,-73.9705
3250,24 West 123rd Street,South Harlem,1,1,0,A,ACTIVE,RENTAL,40.806015,-73.945946
5150,184 Lexington Avenue,Midtown South,2,1,0,8C,ACTIVE,RENTAL,40.7449,-73.9812
5795,221 West 12th Street,West Village,1,1,0,2D,ACTIVE,RENTAL,40.737823,-74.00146
4695,450 West 42nd Street,Hell's Kitchen,0,1,0,32J,ACTIVE,RENTAL,40.7591,-73.9949
4645,240 East 27th Street,Kips Bay,1,1,0,23E,ACTIVE,RENTAL,40.7402,-73.9796
4400,505 State Street,Downtown Brooklyn,1,1,0,16E,ACTIVE,RENTAL,40.68554,-73.97882
4550,322 West 14th Street,West Village,1,1,0,4B,ACTIVE,RENTAL,40.74,-74.0038
4100,222 East 12th Street,East Village,1,1,0,3D,ACTIVE,RENTAL,40.7313,-73.9871
5800,350 3rd Avenue,Kips Bay,2,1,0,PH1,ACTIVE,RENTAL,40.7407,-73.9822
3900,340 East 55th Street,Sutton Place,1,1,0,5C,ACTIVE,RENTAL,40.7572,-73.9648
4150,1377 Lexington Avenue,Carnegie Hill,1,1,0,4B,ACTIVE,RENTAL,40.7824,-73.9532
4995,54 Crown Street,Crown Heights,2,2,0,209,ACTIVE,RENTAL,40.666847,-73.959946
4370,4-75 48th Avenue,Hunters Point,1,1,0,1112,ACTIVE,RENTAL,40.7453,-73.9578
4038,10 Hanover Square,Financial District,0,1,0,22Y,ACTIVE,RENTAL,40.7046,-74.0088
4198,70 Pine Street,Financial District,0,1,0,1202,ACTIVE,RENTAL,40.7065,-74.0077
8750,41 West 58th Street,Central Park South,2,2,0,10D,ACTIVE,RENTAL,40.764996,-73.97573
7895,310 Greenwich Street,Tribeca,2,1,0,310-10L,ACTIVE,RENTAL,40.718,-74.0112
39500,401 West Street,West Village,1,2,0,5A,ACTIVE,RENTAL,40.73363,-74.0098
4675,60 Wharf Dr,Greenpoint,0,1,0,2004,ACTIVE,RENTAL,40.726715,-73.96056
6650,92 Morningside Avenue,South Harlem,3,2,0,5F,ACTIVE,RENTAL,40.809494,-73.95498
2950,144-74 Northern Boulevard,Murray Hill,1,1,0,5L,ACTIVE,RENTAL,40.764725,-73.82068
3678,180 Franklin Avenue,Bedford-Stuyvesant,1,1,0,210,ACTIVE,RENTAL,40.69329,-73.96026
6800,88 Leonard Street,Tribeca,1,1,0,0902,ACTIVE,RENTAL,40.7169,-74.0047
6750,650 1st Avenue,Murray Hill,1,1,0,J8,ACTIVE,RENTAL,40.74572,-73.971634
3800,144-74 Northern Boulevard,Murray Hill,2,2,0,7T,ACTIVE,RENTAL,40.764725,-73.82068
7090,89 Dekalb Avenue,Downtown Brooklyn,2,1,0,16J,ACTIVE,RENTAL,40.69023,-73.97977
3000,311 West 55th Street,Hell's Kitchen,1,1,0,1D,ACTIVE,RENTAL,40.765896,-73.98436
3295,309 West 57th Street,Hell's Kitchen,1,1,0,706,ACTIVE,RENTAL,40.7672,-73.98331
6295,650 1st Avenue,Murray Hill,1,1,0,9A,ACTIVE,RENTAL,40.74572,-73.971634
3700,764 9th Avenue,Hell's Kitchen,1,1,0,4S,ACTIVE,RENTAL,40.764145,-73.98807
4191,146 South 4th Street,Williamsburg,0,1,0,6G,ACTIVE,RENTAL,40.711388,-73.96242
3325,235 West 146th Street,Central Harlem,3,1,0,B06,ACTIVE,RENTAL,40.823273,-73.94029
2905,31-43 Vernon Boulevard,Astoria,0,1,0,805,ACTIVE,RENTAL,40.7682,-73.9356
5050,434 West 19th Street,West Chelsea,1,1,0,2A,ACTIVE,RENTAL,40.7445,-74.0049
3500,4778 Broadway,Inwood,1,1,0,12J,ACTIVE,RENTAL,40.865578,-73.92604
2700,623 West 145th Street,Hamilton Heights,1,1,0,4,ACTIVE,RENTAL,40.82714,-73.95145
3500,620 West 153rd Street,Hamilton Heights,1,1,0,26E,ACTIVE,RENTAL,40.831673,-73.94822
4625,12 Eckford Street,Greenpoint,1,1,0,7G,ACTIVE,RENTAL,40.720444,-73.947495
6370,240 Willoughby Street,Fort Greene,2,2,0,07L,ACTIVE,RENTAL,40.69159,-73.97787
5000,180 Water Street,Financial District,1,1,0,206,ACTIVE,RENTAL,40.707,-74.0055
7390,455 10th Avenue,Hudson Yards,1,1,0,28L,ACTIVE,RENTAL,40.75562,-73.99889
7550,455 10th Avenue,Hudson Yards,1,1,0,19L,ACTIVE,RENTAL,40.75562,-73.99889
4283,429 East 52nd Street,Beekman,1,1,0,10D,ACTIVE,RENTAL,40.754936,-73.9637
2999,844 Quincy Street,Stuyvesant Heights,1,1,0,3B,ACTIVE,RENTAL,40.689598,-73.925674
2850,432 East 66th Street,Lenox Hill,0,1,0,8,ACTIVE,RENTAL,40.76318,-73.95744
4920,401 East 34th Street,Murray Hill,1,1,0,S09M,ACTIVE,RENTAL,40.7438,-73.9725
7995,52 Barrow Street,West Village,3,1,1,1B,ACTIVE,RENTAL,40.7321,-74.0048
4631,500 West 23rd Street,West Chelsea,0,1,0,07L,ACTIVE,RENTAL,40.7476,-74.0047
4760,480 Main Street,Roosevelt Island,1,1,0,07G,ACTIVE,RENTAL,40.7595,-73.9508
4345,480 Main Street,Roosevelt Island,1,1,0,21J,ACTIVE,RENTAL,40.7595,-73.9508
4298,19 Dutch Street,Fulton/Seaport,0,1,0,22D,ACTIVE,RENTAL,40.709816,-74.00738
4650,41 Park Avenue,Murray Hill,1,1,0,009F,ACTIVE,RENTAL,40.7484,-73.9799
5473,5 Lincoln Avenue,Mott Haven,3,2,0,N-0847,ACTIVE,RENTAL,40.807106,-73.93004
4383,95 Wall Street,Financial District,0,1,0,509,ACTIVE,RENTAL,40.7046,-74.0075
2795,106 Remsen Avenue,East Flatbush,2,1,0,5,ACTIVE,RENTAL,40.661198,-73.9298
2495,106 Remsen Avenue,East Flatbush,1,1,0,1,ACTIVE,RENTAL,40.661198,-73.9298
5200,1500 Lexington Avenue,Carnegie Hill,1,1,0,10B,ACTIVE,RENTAL,40.78636,-73.95088
7000,401 Second Avenue,Kips Bay,2,1,0,23F,ACTIVE,RENTAL,40.7384,-73.9814
7195,324 Grand Street,Lower East Side,3,2,0,3C,ACTIVE,RENTAL,40.71732,-73.990364
3475,212 West 91st Street,Upper West Side,0,1,0,607,ACTIVE,RENTAL,40.7911,-73.9738
4250,346 West 84th Street,Upper West Side,2,2,0,2R,ACTIVE,RENTAL,40.78806,-73.980576
7300,70 Battery Place,Battery Park City,2,2,0,225S,ACTIVE,RENTAL,40.707226,-74.01757
3995,321 20th Street,Greenwood,2,2,0,3F,ACTIVE,RENTAL,40.660316,-73.98974
4765,255 West 94th Street,Upper West Side,0,1,0,14D,ACTIVE,RENTAL,40.7937,-73.973
2600,32-02 34th Avenue,Astoria,1,1,0,6B,ACTIVE,RENTAL,40.759045,-73.926315
4350,1295 5th Avenue,South Harlem,2,1,0,33G,ACTIVE,RENTAL,40.797,-73.9492
3791,795 Columbus Avenue,Upper West Side,0,1,0,11M,ACTIVE,RENTAL,40.7943,-73.966
3250,170 West 225th Street,Marble Hill,1,1,0,312,ACTIVE,RENTAL,40.87563,-73.91231
3995,170 West 225th Street,Marble Hill,2,1,0,417,ACTIVE,RENTAL,40.87563,-73.91231
7000,335 Bond Street,Gowanus,2,2,0,3J,ACTIVE,RENTAL,40.678783,-73.98999
7992,335 Bond Street,Gowanus,2,2,0,5H,ACTIVE,RENTAL,40.678783,-73.98999
4100,306 Saint James Place,Clinton Hill,1,1,0,2R,ACTIVE,RENTAL,40.681297,-73.96365
5237,88 Leonard Street,Tribeca,0,1,0,1213,ACTIVE,RENTAL,40.7169,-74.0047
10080,400 West 61st Street,Lincoln Square,1,1,0,1634,ACTIVE,RENTAL,40.773293,-73.991585
15594,675 West 59th Street,Lincoln Square,2,2,0,1806,ACTIVE,RENTAL,40.77295,-73.99269
2800,149 West 122nd Street,South Harlem,1,1,0,1,ACTIVE,RENTAL,40.806828,-73.948654
17995,400 West 61st Street,Lincoln Square,2,2,1,623,ACTIVE,RENTAL,40.773293,-73.991585
5695,645 West 59th Street,Lincoln Square,0,1,0,905,ACTIVE,RENTAL,40.772213,-73.991646
4398,10 Halletts Point,Astoria,2,1,0,306,ACTIVE,RENTAL,40.7765,-73.9352
9625,335 Bond Street,Gowanus,2,2,0,PH2B,ACTIVE,RENTAL,40.678783,-73.98999
5495,564 Hudson Street,West Village,1,1,0,3,ACTIVE,RENTAL,40.7355,-74.0057
4950,408 East 92nd Street,Yorkville,1,1,0,30A,ACTIVE,RENTAL,40.7804,-73.9464
7520,240 East 27th Street,Kips Bay,2,2,0,17K,ACTIVE,RENTAL,40.7402,-73.9796
7093,305 West 50th Street,Hell's Kitchen,2,2,0,23B,ACTIVE,RENTAL,40.7626,-73.9862
4523,180 Montague Street,Brooklyn Heights,1,1,0,10A,ACTIVE,RENTAL,40.6939,-73.9919
6111,560 West 43rd Street,Hell's Kitchen,2,1,0,28C,ACTIVE,RENTAL,40.76114,-73.99756
4437,395 South End Avenue,Battery Park City,0,1,0,9H,ACTIVE,RENTAL,40.7111,-74.017
3300,661 West 180th Street,Washington Heights,3,1,0,4E,ACTIVE,RENTAL,40.84959,-73.93588
3699,1236 Atlantic Avenue,Crown Heights,0,1,0,306,ACTIVE,RENTAL,40.67826,-73.95152
5023,805 Columbus Avenue,Upper West Side,1,1,0,10A,ACTIVE,RENTAL,40.795,-73.9656
2800,523 9th Avenue,Hudson Yards,1,1,0,2B,ACTIVE,RENTAL,40.756744,-73.99423
2750,523 9th Avenue,Hudson Yards,1,1,0,4D,ACTIVE,RENTAL,40.756744,-73.99423
3995,1042 Atlantic Avenue,Crown Heights,1,1,0,6H,ACTIVE,RENTAL,40.679726,-73.959435
6190,1042 Atlantic Avenue,Crown Heights,2,2,0,17B,ACTIVE,RENTAL,40.679726,-73.959435
6595,55 Fleet Street,Downtown Brooklyn,1,1,0,70F,ACTIVE,RENTAL,40.6907,-73.9823
5188,240 East 27th Street,Kips Bay,1,1,0,27D,ACTIVE,RENTAL,40.7402,-73.9796
3600,1941 Coney Is Avenue,Midwood,2,2,0,407,ACTIVE,RENTAL,40.609867,-73.96199
6584,420 Kent Avenue,Williamsburg,1,1,0,PH03,ACTIVE,RENTAL,40.7099,-73.9691
4978,355 South End Avenue,Battery Park City,1,1,0,2K,ACTIVE,RENTAL,40.7111,-74.017
2600,1 Arden Street,Fort George,1,1,0,202,ACTIVE,RENTAL,40.861336,-73.926414
2775,405 West 206th Street,Inwood,0,1,0,728,ACTIVE,RENTAL,40.8634,-73.91755
3135,405 West 206th Street,Inwood,1,1,0,716,ACTIVE,RENTAL,40.8634,-73.91755
3224,405 West 206th Street,Inwood,1,1,0,814,ACTIVE,RENTAL,40.8634,-73.91755
3229,405 West 206th Street,Inwood,1,1,0,905S,ACTIVE,RENTAL,40.8634,-73.91755
3249,405 West 206th Street,Inwood,1,1,0,900S,ACTIVE,RENTAL,40.8634,-73.91755
3315,405 West 206th Street,Inwood,1,1,0,703N,ACTIVE,RENTAL,40.8634,-73.91755
7019,19 Dutch Street,Fulton/Seaport,1,1,0,43B,ACTIVE,RENTAL,40.709816,-74.00738
5900,150 East 44th Street,Turtle Bay,1,1,1,45C,ACTIVE,RENTAL,40.7521,-73.9742
5395,136 East 55th Street,Sutton Place,1,1,0,2D,ACTIVE,RENTAL,40.7593,-73.9699
4600,405 West 206th Street,Inwood,2,2,0,914,ACTIVE,RENTAL,40.8634,-73.91755
4700,405 West 206th Street,Inwood,2,2,0,903,ACTIVE,RENTAL,40.8634,-73.91755
7800,240 Central Park South,Central Park South,1,1,0,10H,ACTIVE,RENTAL,40.76731,-73.98118
3725,405 West 206th Street,Inwood,1,1,0,702,ACTIVE,RENTAL,40.8634,-73.91755
4300,1 Ocean Dr,Coney Island,3,2,0,W04G,ACTIVE,RENTAL,40.572647,-74.00082
4750,666 West End Avenue,Upper West Side,1,1,0,22BB,ACTIVE,RENTAL,40.7927,-73.9745
4571,41 West 86th Street,Upper West Side,1,1,0,03E,ACTIVE,RENTAL,40.7863,-73.971
7535,180 Riverside Boulevard,Lincoln Square,2,2,0,19J,ACTIVE,RENTAL,40.7784,-73.9879
5526,750 Columbus Avenue,Upper West Side,1,1,0,07A,ACTIVE,RENTAL,40.7934,-73.9678
3501,31-43 Vernon Boulevard,Astoria,1,1,0,707C,ACTIVE,RENTAL,40.7682,-73.9356
3300,74 West 126th Street,Central Harlem,1,1,0,2C,ACTIVE,RENTAL,40.807922,-73.94435
6998,235 Prospect Park West,Windsor Terrace,2,2,0,302,ACTIVE,RENTAL,40.659527,-73.98069
5643,776 Sixth Avenue,NoMad,1,1,0,19H,ACTIVE,RENTAL,40.7448,-73.9909
6495,232 Elizabeth Street,Nolita,2,1,0,5B,ACTIVE,RENTAL,40.723,-73.9938
5095,225 East 7th Street,East Village,2,1,0,2D,ACTIVE,RENTAL,40.7247,-73.979
1700,128 Sherman Avenue,Inwood,1,1,0,22,ACTIVE,RENTAL,40.864513,-73.924484
4752,800 6th Avenue,NoMad,0,1,0,23A,ACTIVE,RENTAL,40.7456,-73.9904
2334,3480 Seymour Avenue,Williamsbridge,3,1,0,1B,ACTIVE,RENTAL,40.8775,-73.8493
4050,534 East 14th Street,East Village,0,1,0,15,ACTIVE,RENTAL,40.729477,-73.97889
6612,105 West 29th Street,Chelsea,1,1,0,31I,ACTIVE,RENTAL,40.7471,-73.9903
4105,130 Second Street,Gowanus,1,1,0,3H,ACTIVE,RENTAL,40.67709,-73.991325
3795,68 Cabrini Boulevard,Hudson Heights,3,1,0,52,ACTIVE,RENTAL,40.850773,-73.94076
4025,222 East 34th Street,Kips Bay,0,1,0,817,ACTIVE,RENTAL,40.745,-73.9773
3540,180 Riverside Boulevard,Lincoln Square,0,1,0,14F,ACTIVE,RENTAL,40.7784,-73.9879
3700,62-60 99th Street,Rego Park,3,2,0,721,ACTIVE,RENTAL,40.732967,-73.85795
3450,344 East 9th Street,East Village,1,1,0,9,ACTIVE,RENTAL,40.728294,-73.98568
2997,2757 Fulton Street,Cypress Hills,2,1,0,3A,ACTIVE,RENTAL,40.6797,-73.893364
2997,2757 Fulton Street,Cypress Hills,2,1,0,3B,ACTIVE,RENTAL,40.6797,-73.893364
2200,2166 Fred Douglas Boulevard,South Harlem,0,1,0,4D,ACTIVE,RENTAL,40.804794,-73.95474
5911,1 Eagle Street,Greenpoint,1,1,0,1-0103,ACTIVE,RENTAL,40.734966,-73.960884
4820,146 Mulberry Street,Little Italy,1,1,0,9,ACTIVE,RENTAL,40.718876,-73.99725
4923,19 Dutch Street,Fulton/Seaport,0,1,0,34D,ACTIVE,RENTAL,40.709816,-74.00738
2865,3660 Waldo Avenue,Riverdale,2,1,0,5E,ACTIVE,RENTAL,40.886734,-73.90389
3000,506 West 122nd Street,Morningside Heights,1,1,0,2A,ACTIVE,RENTAL,40.810734,-73.95912
2950,220 West 104th Street,Manhattan Valley,0,1,0,3E,ACTIVE,RENTAL,40.79937,-73.96769
3650,605 West 112th Street,Morningside Heights,1,1,0,5B,ACTIVE,RENTAL,40.805927,-73.96632
2900,908 Amsterdam Avenue,Manhattan Valley,0,1,0,2C,ACTIVE,RENTAL,40.79961,-73.96672
6103,777 6th Avenue,Chelsea,1,1,0,4L,ACTIVE,RENTAL,40.7451,-73.9916
3244,405 West 206th Street,Inwood,1,1,0,1003S,ACTIVE,RENTAL,40.8634,-73.91755
6095,255 East 39th Street,Murray Hill,1,1,0,2E,ACTIVE,RENTAL,40.748062,-73.97395
3365,22 Chapel Street,Downtown Brooklyn,0,1,0,10F,ACTIVE,RENTAL,40.69704,-73.9857
3625,1 Sullivan Place,Crown Heights,1,1,0,11C,ACTIVE,RENTAL,40.66437,-73.96101
1595,721 Walton Avenue,Concourse,1,1,0,D16,ACTIVE,RENTAL,40.824207,-73.9264
4600,520 West 48th Street,Hell's Kitchen,1,1,0,6P,ACTIVE,RENTAL,40.7637,-73.9939
3896,239 North 9th Street,Williamsburg,0,1,0,W211,ACTIVE,RENTAL,40.7173,-73.9536
6623,309 5th Avenue,Midtown South,1,1,0,11A,ACTIVE,RENTAL,40.7467,-73.9853
11000,312 West 43rd Street,Hell's Kitchen,2,2,0,34E,ACTIVE,RENTAL,40.757843,-73.99018
4863,245 E. 40th Street,Murray Hill,1,1,0,11A,ACTIVE,RENTAL,40.7489,-73.9734
7692,95 Wall Street,Financial District,2,2,0,2222,ACTIVE,RENTAL,40.7046,-74.0075
4195,210 West 89th Street,Upper West Side,0,1,0,011D,ACTIVE,RENTAL,40.7897,-73.9745
5995,210 West 89th Street,Upper West Side,1,1,0,006K,ACTIVE,RENTAL,40.7897,-73.9745
5100,775 Columbus Avenue,Upper West Side,1,1,0,07A,ACTIVE,RENTAL,40.7938,-73.9665
4785,801 Amsterdam Avenue,Upper West Side,1,1,0,06C,ACTIVE,RENTAL,40.7961,-73.9686
3895,252 East 61st Street,Lenox Hill,0,1,0,S-05G,ACTIVE,RENTAL,40.7617,-73.964
4995,625 West 57th Street,Hell's Kitchen,1,1,0,1057,ACTIVE,RENTAL,40.7711,-73.9927
4667,335 Bond Street,Gowanus,1,1,0,3D,ACTIVE,RENTAL,40.678783,-73.98999
4983,335 Bond Street,Gowanus,1,1,0,5C,ACTIVE,RENTAL,40.678783,-73.98999
5295,246 Mott Street,Nolita,1,1,0,23,ACTIVE,RENTAL,40.7233,-73.9945
4400,37-42 30th Street,Long Island City,2,1,0,3K,ACTIVE,RENTAL,40.754528,-73.93297
8000,344 East 63rd Street,Lenox Hill,4,1,1,15B,ACTIVE,RENTAL,40.7621,-73.9608
5073,795 Columbus Avenue,Upper West Side,1,1,0,10K,ACTIVE,RENTAL,40.7943,-73.966
4250,106 Fulton Street,Fulton/Seaport,2,1,0,8G,ACTIVE,RENTAL,40.7096,-74.00705
5495,246 Mott Street,Nolita,1,1,0,7,ACTIVE,RENTAL,40.7233,-73.9945
3895,340 East 58th Street,Sutton Place,1,1,0,1B,ACTIVE,RENTAL,40.759087,-73.963264
2650,214 West 102nd Street,Manhattan Valley,0,1,0,3D,ACTIVE,RENTAL,40.79804,-73.96855
6500,225 East 63rd Street,Lenox Hill,1,1,0,PHA,ACTIVE,RENTAL,40.7638,-73.9635
2650,800 Flatbush Avenue,Flatbush,0,1,0,702,ACTIVE,RENTAL,40.653225,-73.959816
5300,26-25 28th Street,Astoria,2,2,0,4,ACTIVE,RENTAL,40.770084,-73.921165
7970,261 West 24th Street,Chelsea,1,1,0,12A,ACTIVE,RENTAL,40.74598,-73.99746
2758,221 Sea Breeze Avenue,Coney Island,1,1,0,13C,ACTIVE,RENTAL,40.576145,-73.97329
3000,2156 Cortelyou Road,Flatbush,3,1,0,10,ACTIVE,RENTAL,40.643967,-73.95684
